algorithm,iter,mean_meta_score,se_meta_score,mean_rank,se_rank
optuna,1,-14.4124626799804,3.39104437692393,2.35714285714286,0.199095284966961
optuna,2,-8.27912392996498,1.80316145511679,2.14285714285714,0.205879054892255
optuna,3,-6.04124685452061,1.39800793795362,2.21428571428571,0.238552674132884
optuna,4,-4.57469556685614,0.933724541110925,2.28571428571429,0.220602856042689
optuna,5,-3.5464043980813,0.681656796350184,2.21428571428571,0.238552674132884
optuna,6,-3.09685942131974,0.533033616060806,2,0.234403615469248
optuna,7,-2.81419262913626,0.519944731299504,2.14285714285714,0.231030725732183
optuna,8,-2.60314352045124,0.521755812216875,2.07142857142857,0.195112976973239
optuna,9,-2.42100532008056,0.508561674394567,2.28571428571429,0.194104634424788
optuna,10,-2.23168663833348,0.409186959763247,2.21428571428571,0.154726679564052
optuna,11,-1.73840559719498,0.298500203572199,1.28571428571429,0.125294002758147
optuna,12,-1.56821317773763,0.268359647877621,1.42857142857143,0.137252703261503
optuna,13,-1.40463804549023,0.235866933408982,1.35714285714286,0.169262876931312
optuna,14,-1.25689904951966,0.209574592267554,1.21428571428571,0.113803929545099
optuna,15,-1.10099845042314,0.187207658655746,1.07142857142857,0.0714285714285714
optuna,16,-0.987804890609768,0.161158515586115,1.07142857142857,0.0714285714285714
optuna,17,-0.89547118695695,0.161326149723473,1.07142857142857,0.0714285714285714
optuna,18,-0.803247990631314,0.127400655561179,1,0
optuna,19,-0.761672922268781,0.126446561805597,1,0
optuna,20,-0.683410110445162,0.106797027116689,1,0
optuna,21,-0.647439228770642,0.10077894951657,1,0
optuna,22,-0.613021459036815,0.095986645632249,1,0
optuna,23,-0.549077013530354,0.0936511233030272,1,0
optuna,24,-0.489871111668932,0.0764155729605142,1,0
optuna,25,-0.44549067621825,0.0620572154443165,1,0
optuna,26,-0.414473530846822,0.0574624895350018,1,0
optuna,27,-0.39237209901841,0.056861263246154,1,0
optuna,28,-0.371366813882362,0.0551420163077424,1,0
optuna,29,-0.333026563338799,0.0464865138968168,1,0
optuna,30,-0.319921099338789,0.0450175422267053,1,0
optuna,31,-0.307340971149266,0.0439995143969085,1,0
optuna,32,-0.284618885949717,0.0429096649238377,1,0
optuna,33,-0.259832479005768,0.0398044674646102,1,0
optuna,34,-0.239907473029481,0.038156586840922,1,0
optuna,35,-0.222754545889375,0.0377650526331189,1,0
optuna,36,-0.206804440288546,0.0379313392428475,1,0
optuna,37,-0.18473447427367,0.0378129733436708,1,0
optuna,38,-0.164964344850311,0.0348647755308278,1,0
optuna,39,-0.15575631174232,0.034656328820965,1,0
optuna,40,-0.14656937972812,0.0347718212207851,1,0
optuna,41,-0.136921967964804,0.0334933726320715,1,0
optuna,42,-0.123446756294342,0.0331462072962298,1,0
optuna,43,-0.100990086946227,0.0343107871145801,1,0
optuna,44,-0.0781404893718649,0.0321677593101619,1,0
optuna,45,-0.058687517991327,0.0303700273618043,1,0
optuna,46,-0.04760642863409,0.0303119059515621,1,0
optuna,47,-0.0303205795379568,0.0308347592787635,1,0
optuna,48,-0.0160676370982038,0.0312743701041409,1,0
optuna,49,-0.00604318921318383,0.0313062851171534,1,0
optuna,50,0.00497536674500921,0.0323797546006221,1,0
optuna,51,0.0261984509252705,0.0309705457157818,1,0
optuna,52,0.0390711245621189,0.0314602614339194,1,0
optuna,53,0.0574324087906632,0.0324135520251014,1,0
optuna,54,0.0683245379886697,0.0336888728750497,1,0
optuna,55,0.0764922695007741,0.0348049006431068,1,0
optuna,56,0.0868479605659748,0.0354209204222396,1,0
optuna,57,0.0975944408115028,0.0368373868355343,1,0
optuna,58,0.102606959431574,0.0364950159598612,1,0
optuna,59,0.109428970040337,0.0373949476020288,1,0
optuna,60,0.121181469847788,0.0393496913672232,1,0
optuna,61,0.129087841744939,0.0409903965766927,1,0
optuna,62,0.140669470065781,0.0424017450592936,1,0
optuna,63,0.150862660962646,0.0435537101194512,1,0
optuna,64,0.159512984444581,0.0443921322904505,1,0
optuna,65,0.168176109636789,0.0460925513948088,1,0
optuna,66,0.177096652357233,0.0474368680510517,1,0
optuna,67,0.186778064508887,0.0468884121171631,1,0
optuna,68,0.191289041103606,0.04701901613976,1,0
optuna,69,0.197909051532529,0.0482343047203871,1,0
optuna,70,0.20262543358171,0.0486405342577494,1,0
optuna,71,0.20841109235781,0.0489177995613677,1,0
optuna,72,0.218314144190498,0.0499705364491282,1,0
optuna,73,0.226783972301821,0.0501358852843816,1,0
optuna,74,0.234146562749555,0.0511141049285623,1,0
optuna,75,0.240103091589805,0.0511673344083972,1.07142857142857,0.0714285714285714
optuna,76,0.245773036148041,0.0517080095126032,1.07142857142857,0.0714285714285714
optuna,77,0.252670072440178,0.0528682288252141,1,0
optuna,78,0.253495784331807,0.0529124795747818,1.07142857142857,0.0714285714285714
optuna,79,0.259219086637911,0.0532920754943388,1.07142857142857,0.0714285714285714
optuna,80,0.267005630230358,0.0534316324513495,1.07142857142857,0.0714285714285714
optuna,81,0.270585638522992,0.0537689736325667,1.07142857142857,0.0714285714285714
optuna,82,0.278215942569447,0.0548690610764422,1,0
optuna,83,0.282562683206276,0.0541498988021675,1.07142857142857,0.0714285714285714
optuna,84,0.286710549269353,0.0545764470965919,1.07142857142857,0.0714285714285714
optuna,85,0.295409305831826,0.0557691496462545,1,0
optuna,86,0.298653874470849,0.0557890721081803,1.07142857142857,0.0714285714285714
optuna,87,0.303607615096254,0.0564890658493641,1.07142857142857,0.0714285714285714
optuna,88,0.306228374513963,0.0564748181600922,1.07142857142857,0.0714285714285714
optuna,89,0.308582708134792,0.056472867611241,1.07142857142857,0.0714285714285714
optuna,90,0.311450760940648,0.0564215068254554,1.07142857142857,0.0714285714285714
optuna,91,0.313846095562585,0.0567948415709699,1.07142857142857,0.0714285714285714
optuna,92,0.31709332430036,0.0570879528563112,1.07142857142857,0.0714285714285714
optuna,93,0.322313439626373,0.057619405640221,1.07142857142857,0.0714285714285714
optuna,94,0.326749226302783,0.0577403383002672,1.07142857142857,0.0714285714285714
optuna,95,0.330264143048102,0.0581204696763125,1.07142857142857,0.0714285714285714
optuna,96,0.33571475094558,0.0587140605143756,1.07142857142857,0.0714285714285714
optuna,97,0.339254988306073,0.0592868673872396,1.07142857142857,0.0714285714285714
optuna,98,0.341504611692948,0.0591114497132939,1.07142857142857,0.0714285714285714
optuna,99,0.344770935289388,0.0596943952644494,1.07142857142857,0.0714285714285714
optuna,100,0.350101302688959,0.0608579747253272,1.07142857142857,0.0714285714285714
optuna,101,0.353475237210528,0.0611928972577425,1.07142857142857,0.0714285714285714
optuna,102,0.358961347560386,0.0614377654401972,1.14285714285714,0.0970523172123939
optuna,103,0.362988561992167,0.0615953921783249,1.28571428571429,0.125294002758147
optuna,104,0.368149229604608,0.0619199023255146,1.28571428571429,0.125294002758147
optuna,105,0.371721577300808,0.0621477962903926,1.28571428571429,0.125294002758147
optuna,106,0.374527862998154,0.0625930662698387,1.35714285714286,0.132894358488438
optuna,107,0.378214813378828,0.0635225080865249,1.28571428571429,0.125294002758147
optuna,108,0.380869473536055,0.0636475120416397,1.35714285714286,0.132894358488438
optuna,109,0.382862493245453,0.0640240328864863,1.42857142857143,0.137252703261503
optuna,110,0.388057991872803,0.0648042741816834,1.42857142857143,0.137252703261503
optuna,111,0.39104569285701,0.0651000089910468,1.42857142857143,0.137252703261503
optuna,112,0.39251232765668,0.0654289553689869,1.42857142857143,0.137252703261503
optuna,113,0.395648624110213,0.0656009930656021,1.42857142857143,0.137252703261503
optuna,114,0.398716727987987,0.0660498377316056,1.42857142857143,0.137252703261503
optuna,115,0.40343603653592,0.0664561374049106,1.5,0.138675049056307
optuna,116,0.40598564929956,0.0669111936611615,1.57142857142857,0.137252703261503
optuna,117,0.407605008961611,0.0673032540686241,1.71428571428571,0.163363392827676
optuna,118,0.410813125379255,0.067692252379332,1.71428571428571,0.163363392827676
optuna,119,0.413138192968051,0.0678988654605104,1.78571428571429,0.154726679564052
optuna,120,0.414636779497962,0.0681676822728829,1.78571428571429,0.154726679564052
optuna,121,0.416380390965696,0.0681983732349812,1.85714285714286,0.177192477984584
optuna,122,0.420162934013978,0.0683562415708699,1.85714285714286,0.177192477984584
optuna,123,0.423391693361856,0.0684836732707799,1.85714285714286,0.177192477984584
optuna,124,0.425552885782737,0.0686730822618067,1.85714285714286,0.177192477984584
optuna,125,0.429018335266502,0.068715646109083,1.92857142857143,0.195112976973239
optuna,126,0.4305548202854,0.0687032628398472,1.92857142857143,0.195112976973239
optuna,127,0.433078223150081,0.0692273203413578,1.92857142857143,0.195112976973239
optuna,128,0.437669249380408,0.0702170880565513,1.92857142857143,0.195112976973239
optuna,129,0.440422665207049,0.070577995107935,1.92857142857143,0.195112976973239
optuna,130,0.441392487274797,0.070586423650096,1.92857142857143,0.195112976973239
optuna,131,0.444515651092517,0.0708819460205687,1.92857142857143,0.195112976973239
optuna,132,0.448196131677295,0.0708689187463134,1.92857142857143,0.195112976973239
optuna,133,0.450089963499275,0.071113226235023,1.92857142857143,0.195112976973239
optuna,134,0.45240766428547,0.0715907640867985,1.92857142857143,0.195112976973239
optuna,135,0.455092584450649,0.0718942935672135,1.92857142857143,0.195112976973239
optuna,136,0.457101198528383,0.0719434079073276,1.92857142857143,0.195112976973239
optuna,137,0.457948581749952,0.0721194161093415,1.92857142857143,0.195112976973239
optuna,138,0.460092410909137,0.0723560841275893,1.92857142857143,0.195112976973239
optuna,139,0.463202576268397,0.0722937742796504,1.92857142857143,0.195112976973239
optuna,140,0.465722860759981,0.0727935515341923,1.92857142857143,0.195112976973239
optuna,141,0.467229479963874,0.072937124758404,1.92857142857143,0.195112976973239
optuna,142,0.469405202193474,0.0732222512746778,1.92857142857143,0.195112976973239
optuna,143,0.470798009831701,0.0734490525880751,1.92857142857143,0.195112976973239
optuna,144,0.472009111129514,0.0734348456326348,1.92857142857143,0.195112976973239
optuna,145,0.473711633825526,0.0734796687833006,2,0.209656967344384
optuna,146,0.477133960817651,0.0736648640900331,2,0.209656967344384
optuna,147,0.478724596140641,0.0739198508014295,2,0.209656967344384
optuna,148,0.481142241026193,0.0741698918134739,2,0.209656967344384
optuna,149,0.48238658294666,0.0742902845580748,2,0.209656967344384
optuna,150,0.483872608211848,0.0743140374870502,2,0.209656967344384
optuna,151,0.484773389726807,0.074498682201065,2.07142857142857,0.221490597480729
optuna,152,0.487343436931209,0.0745741045470205,2.07142857142857,0.221490597480729
optuna,153,0.49041102075981,0.0746570079254011,2.07142857142857,0.221490597480729
optuna,154,0.492673663101461,0.0747604694477337,2.07142857142857,0.221490597480729
optuna,155,0.495189840953277,0.075049484808746,2.07142857142857,0.221490597480729
optuna,156,0.497432280631562,0.0751175260259859,2.07142857142857,0.221490597480729
optuna,157,0.500020462307611,0.0753264378202914,2.07142857142857,0.221490597480729
optuna,158,0.500751954692345,0.0753675722912716,2.07142857142857,0.221490597480729
optuna,159,0.501971843716131,0.0754783087064241,2.07142857142857,0.221490597480729
optuna,160,0.504562186952255,0.0757246917995212,2.07142857142857,0.221490597480729
optuna,161,0.50526566254921,0.0759009849156446,2.14285714285714,0.205879054892255
optuna,162,0.506802239741336,0.0759939232220063,2.14285714285714,0.205879054892255
optuna,163,0.508215229454502,0.0761633117418326,2.14285714285714,0.205879054892255
optuna,164,0.510432125759229,0.0762234685085652,2.14285714285714,0.205879054892255
optuna,165,0.514099949804902,0.0767946184519568,2.14285714285714,0.205879054892255
optuna,166,0.516126459949043,0.0768300028130889,2.14285714285714,0.205879054892255
optuna,167,0.517243591969371,0.0769503448603598,2.14285714285714,0.205879054892255
optuna,168,0.518226982954178,0.0770006586126525,2.14285714285714,0.205879054892255
optuna,169,0.520227189514874,0.0768966515115874,2.14285714285714,0.205879054892255
optuna,170,0.523071129269306,0.0767525335030179,2.14285714285714,0.205879054892255
optuna,171,0.524114193763713,0.0768634533197025,2.14285714285714,0.205879054892255
optuna,172,0.525378267781585,0.0765988249912917,2.14285714285714,0.205879054892255
optuna,173,0.527255092386599,0.0766260847522166,2.14285714285714,0.205879054892255
optuna,174,0.527997423049544,0.0766925131405109,2.14285714285714,0.205879054892255
optuna,175,0.528280815447369,0.0767480728017247,2.14285714285714,0.205879054892255
optuna,176,0.529579150843123,0.0770012503840859,2.14285714285714,0.205879054892255
optuna,177,0.530451708739542,0.0770702732608224,2.14285714285714,0.205879054892255
optuna,178,0.531138861441442,0.0770899648249831,2.14285714285714,0.205879054892255
optuna,179,0.532810876556364,0.0770658304187316,2.14285714285714,0.205879054892255
optuna,180,0.533534488263329,0.0772085017121501,2.14285714285714,0.205879054892255
optuna,181,0.534807189348323,0.0773820241590291,2.14285714285714,0.205879054892255
optuna,182,0.53625504868728,0.0776016765187768,2.14285714285714,0.205879054892255
optuna,183,0.53729687451006,0.0775975345918837,2.14285714285714,0.205879054892255
optuna,184,0.537710548338234,0.0776446474249139,2.14285714285714,0.205879054892255
optuna,185,0.538903365125426,0.0777629968695004,2.14285714285714,0.205879054892255
optuna,186,0.540109301925752,0.0778926252261699,2.14285714285714,0.205879054892255
optuna,187,0.542716129702508,0.0781419581322163,2.21428571428571,0.214285714285714
optuna,188,0.543024603433386,0.0781222955594965,2.21428571428571,0.214285714285714
optuna,189,0.544862578393799,0.0785695142035017,2.21428571428571,0.214285714285714
optuna,190,0.546633152071146,0.0787511181860379,2.21428571428571,0.214285714285714
optuna,191,0.5478391427318,0.0788549399018351,2.21428571428571,0.214285714285714
optuna,192,0.549364620613502,0.0789422224474848,2.21428571428571,0.214285714285714
optuna,193,0.550544805022311,0.0791103572751888,2.21428571428571,0.214285714285714
optuna,194,0.551323833958484,0.079029851549158,2.21428571428571,0.214285714285714
optuna,195,0.55219057796845,0.0791436810496881,2.21428571428571,0.214285714285714
optuna,196,0.552771689925733,0.079230235105869,2.21428571428571,0.214285714285714
optuna,197,0.553227033347142,0.0792968077327886,2.21428571428571,0.214285714285714
optuna,198,0.553563368591103,0.0793493835530657,2.21428571428571,0.214285714285714
optuna,199,0.554734311925575,0.0794713324544092,2.21428571428571,0.214285714285714
optuna,200,0.555743174380796,0.0795635944596694,2.21428571428571,0.214285714285714
optuna,201,0.556565794317766,0.0796183156265715,2.21428571428571,0.214285714285714
optuna,202,0.557505393297943,0.0797041703811336,2.21428571428571,0.214285714285714
optuna,203,0.557887426275277,0.0797439604137612,2.21428571428571,0.214285714285714
optuna,204,0.558450806027717,0.0797654507972767,2.21428571428571,0.214285714285714
optuna,205,0.560065404172083,0.0801492106783422,2.28571428571429,0.220602856042689
optuna,206,0.560945868793843,0.0802229866813295,2.28571428571429,0.220602856042689
optuna,207,0.561492309176576,0.0802632844039628,2.28571428571429,0.220602856042689
optuna,208,0.562183689940462,0.0804034735283466,2.28571428571429,0.220602856042689
optuna,209,0.56320225069976,0.0803963402465286,2.28571428571429,0.220602856042689
optuna,210,0.564084743905146,0.0804244794307938,2.28571428571429,0.220602856042689
optuna,211,0.564516925229082,0.0804255139356003,2.28571428571429,0.220602856042689
optuna,212,0.565283822736109,0.0805266898641961,2.28571428571429,0.220602856042689
optuna,213,0.566710534813986,0.0807323585428663,2.28571428571429,0.220602856042689
optuna,214,0.567109328429204,0.0807756857849104,2.28571428571429,0.220602856042689
optuna,215,0.567523436995466,0.0808385179446125,2.28571428571429,0.220602856042689
optuna,216,0.567909247791642,0.0808620142948634,2.28571428571429,0.220602856042689
optuna,217,0.568717612899218,0.0809066933308827,2.35714285714286,0.199095284966961
optuna,218,0.569317538803866,0.0809323085121265,2.35714285714286,0.199095284966961
optuna,219,0.570025945539174,0.0809257053595917,2.35714285714286,0.199095284966961
optuna,220,0.570918337002282,0.0809401014723379,2.35714285714286,0.199095284966961
optuna,221,0.572343909386263,0.0809723100840808,2.35714285714286,0.199095284966961
optuna,222,0.573886021995295,0.0812103673784051,2.35714285714286,0.199095284966961
optuna,223,0.574346684128167,0.0812517130132954,2.35714285714286,0.199095284966961
optuna,224,0.575646562270221,0.081397874763449,2.35714285714286,0.199095284966961
optuna,225,0.576829955792967,0.0814593646816742,2.35714285714286,0.199095284966961
optuna,226,0.577498362334393,0.0814512907574171,2.35714285714286,0.199095284966961
optuna,227,0.57954063701541,0.0817811963190468,2.35714285714286,0.199095284966961
optuna,228,0.57978988029306,0.0818407709968293,2.35714285714286,0.199095284966961
optuna,229,0.58048982355713,0.0818647112325211,2.35714285714286,0.199095284966961
optuna,230,0.58204190539868,0.0820638939101242,2.35714285714286,0.199095284966961
optuna,231,0.583124490884996,0.0822219446420903,2.35714285714286,0.199095284966961
optuna,232,0.584013765637984,0.082235431340155,2.35714285714286,0.199095284966961
optuna,233,0.585506444478691,0.0823877429951887,2.35714285714286,0.199095284966961
optuna,234,0.585729764875175,0.0823835518706893,2.35714285714286,0.199095284966961
optuna,235,0.58701337843572,0.0825024218592939,2.35714285714286,0.199095284966961
optuna,236,0.588035321313701,0.0826235049609121,2.35714285714286,0.199095284966961
optuna,237,0.589459244321695,0.0826801498883217,2.35714285714286,0.199095284966961
optuna,238,0.590191087783328,0.0827018902221174,2.35714285714286,0.199095284966961
optuna,239,0.593470041118531,0.0822347698578814,2.35714285714286,0.199095284966961
optuna,240,0.594111801758227,0.0822213864460507,2.35714285714286,0.199095284966961
optuna,241,0.594763353733197,0.0823194284386318,2.35714285714286,0.199095284966961
optuna,242,0.595831399212511,0.0824755958341467,2.35714285714286,0.199095284966961
optuna,243,0.597151716661135,0.0826642998158158,2.35714285714286,0.199095284966961
optuna,244,0.597953046147608,0.0825130696637198,2.35714285714286,0.199095284966961
optuna,245,0.599060151768619,0.0826205349916344,2.35714285714286,0.199095284966961
optuna,246,0.599817204328226,0.082762544873715,2.42857142857143,0.172705864236283
optuna,247,0.599914576409473,0.082759374017142,2.42857142857143,0.172705864236283
optuna,248,0.600621572857474,0.0828215991036456,2.42857142857143,0.172705864236283
optuna,249,0.601233156926529,0.0827718210808483,2.42857142857143,0.172705864236283
optuna,250,0.601414847463161,0.0827990931028138,2.42857142857143,0.172705864236283
optuna,251,0.601647790832442,0.0828259706289247,2.42857142857143,0.172705864236283
optuna,252,0.602035151434152,0.0828224120038634,2.42857142857143,0.172705864236283
optuna,253,0.602693335098995,0.0829075461395177,2.42857142857143,0.172705864236283
optuna,254,0.603815693146683,0.0829828667952116,2.42857142857143,0.172705864236283
optuna,255,0.604467225164426,0.083108348672971,2.5,0.173838373841279
optuna,256,0.605172043883378,0.0832441220805005,2.5,0.173838373841279
optuna,257,0.605539651335811,0.0832772150486574,2.42857142857143,0.172705864236283
optuna,258,0.606566252994897,0.0834862473607523,2.42857142857143,0.172705864236283
optuna,259,0.607128609875474,0.0835468315468338,2.42857142857143,0.172705864236283
optuna,260,0.608857888772555,0.0836208483460554,2.42857142857143,0.172705864236283
optuna,261,0.610139772307163,0.0838230713759975,2.5,0.173838373841279
optuna,262,0.610691715018897,0.0838228085728714,2.42857142857143,0.172705864236283
optuna,263,0.612000045476301,0.0841640029042864,2.5,0.173838373841279
optuna,264,0.612515986204956,0.0842116946446249,2.5,0.173838373841279
optuna,265,0.613866754387063,0.0844036180494551,2.42857142857143,0.172705864236283
optuna,266,0.614611410357628,0.0843811293485569,2.5,0.173838373841279
optuna,267,0.61609890836191,0.0844154025398544,2.5,0.173838373841279
optuna,268,0.616755583363824,0.0843404044681498,2.5,0.173838373841279
optuna,269,0.617139382783456,0.0843336509907011,2.5,0.173838373841279
optuna,270,0.618296212482117,0.0845938630159991,2.5,0.173838373841279
optuna,271,0.619084935535272,0.084777511330875,2.5,0.173838373841279
optuna,272,0.619510956665382,0.0848713608460123,2.5,0.173838373841279
optuna,273,0.620483615775694,0.0849454812656044,2.5,0.173838373841279
optuna,274,0.62088887801201,0.0849573414368415,2.5,0.173838373841279
optuna,275,0.621198694738015,0.085019340818814,2.5,0.173838373841279
optuna,276,0.622280430131504,0.0852793274869215,2.5,0.173838373841279
optuna,277,0.623034942814576,0.0853211510508339,2.5,0.173838373841279
optuna,278,0.625427692732924,0.0858065815936512,2.5,0.173838373841279
optuna,279,0.626075930466388,0.0858854178498163,2.5,0.173838373841279
optuna,280,0.626622174447211,0.085829448765045,2.5,0.173838373841279
optuna,281,0.627103780825692,0.0859351304696347,2.5,0.173838373841279
optuna,282,0.62743977168891,0.0859768645474037,2.5,0.173838373841279
optuna,283,0.628809944228719,0.086253535034651,2.5,0.173838373841279
optuna,284,0.629788620521136,0.0863649111757651,2.5,0.173838373841279
optuna,285,0.630231018367297,0.0863503314571152,2.5,0.173838373841279
optuna,286,0.63144658907938,0.0865281038600405,2.5,0.173838373841279
optuna,287,0.631998466582753,0.086524384796022,2.5,0.173838373841279
optuna,288,0.632546829732248,0.0866159797244418,2.5,0.173838373841279
optuna,289,0.632721444035794,0.0866242764758331,2.5,0.173838373841279
optuna,290,0.633860586645709,0.0867935022575245,2.5,0.173838373841279
optuna,291,0.634442660300019,0.0869114959891181,2.5,0.173838373841279
optuna,292,0.634624248641909,0.0868914582319122,2.5,0.173838373841279
optuna,293,0.635343748549072,0.0869652553408163,2.5,0.173838373841279
optuna,294,0.63566764387691,0.0869698023939422,2.5,0.173838373841279
optuna,295,0.636012496923027,0.0870334773140972,2.5,0.173838373841279
optuna,296,0.637330600296986,0.0867257931531735,2.5,0.173838373841279
optuna,297,0.637802929672553,0.086733535647258,2.5,0.173838373841279
optuna,298,0.639502820263845,0.0868629026297522,2.5,0.173838373841279
optuna,299,0.639944604053586,0.0868943304363037,2.5,0.173838373841279
optuna,300,0.641127141350885,0.0869390377805021,2.5,0.173838373841279
optuna,301,0.64178124912466,0.0870135088334718,2.5,0.173838373841279
optuna,302,0.642397876256337,0.0870558046704859,2.5,0.173838373841279
optuna,303,0.642923131879373,0.086994870761152,2.5,0.173838373841279
optuna,304,0.643811285581311,0.0870903289852438,2.5,0.173838373841279
optuna,305,0.644411620053974,0.0870561891953937,2.5,0.173838373841279
optuna,306,0.646363702739452,0.0873841983988696,2.5,0.173838373841279
optuna,307,0.646691854807783,0.0873862728315387,2.5,0.173838373841279
optuna,308,0.647153935800773,0.0873672708238922,2.5,0.173838373841279
optuna,309,0.647346226339031,0.0873843032002581,2.5,0.173838373841279
optuna,310,0.649624873479028,0.087149783928935,2.5,0.173838373841279
optuna,311,0.650313428477149,0.087209299240563,2.5,0.173838373841279
optuna,312,0.651506720107219,0.0870115609511326,2.5,0.173838373841279
optuna,313,0.652502103498995,0.0870832433640716,2.5,0.173838373841279
optuna,314,0.65336111682117,0.0872627017564036,2.5,0.173838373841279
optuna,315,0.654040073100192,0.087330146064145,2.5,0.173838373841279
optuna,316,0.654485619463755,0.087329726825717,2.5,0.173838373841279
optuna,317,0.654634334939777,0.0873236261388629,2.5,0.173838373841279
optuna,318,0.654887376440424,0.0873461073980997,2.5,0.173838373841279
optuna,319,0.655301303436669,0.0874125633746587,2.5,0.173838373841279
optuna,320,0.655760504418831,0.0874622234956597,2.5,0.173838373841279
optuna,321,0.65611763899876,0.0875148962524658,2.5,0.173838373841279
optuna,322,0.656785739283901,0.0875580675747025,2.5,0.173838373841279
optuna,323,0.657373632234073,0.0875031092823196,2.5,0.173838373841279
optuna,324,0.657483524112462,0.0875023905153165,2.5,0.173838373841279
optuna,325,0.658209750409382,0.0874790701887457,2.5,0.173838373841279
optuna,326,0.658691247272617,0.0874996625342089,2.5,0.173838373841279
optuna,327,0.659631139927609,0.0872213597990546,2.5,0.173838373841279
optuna,328,0.659988089336695,0.0872434541257143,2.5,0.173838373841279
optuna,329,0.660626189348119,0.0872664923835826,2.5,0.173838373841279
optuna,330,0.66087150544988,0.0873030493931904,2.5,0.173838373841279
optuna,331,0.661435303250382,0.087385705838388,2.5,0.173838373841279
optuna,332,0.661908746739811,0.0874791665279062,2.5,0.173838373841279
optuna,333,0.66261449590912,0.0875286794039603,2.5,0.173838373841279
optuna,334,0.663011424468249,0.087610540024638,2.5,0.173838373841279
optuna,335,0.663335756870916,0.0876085131175682,2.5,0.173838373841279
optuna,336,0.663554495526458,0.0876173940080276,2.5,0.173838373841279
optuna,337,0.66389257697174,0.087628292133859,2.5,0.173838373841279
optuna,338,0.664188898543735,0.0876754650922826,2.5,0.173838373841279
optuna,339,0.664387116916642,0.0876710285268062,2.5,0.173838373841279
optuna,340,0.66440884592391,0.0876725525438935,2.5,0.173838373841279
optuna,341,0.665119085953275,0.0877876486077638,2.5,0.173838373841279
optuna,342,0.665381927854036,0.0878087450694978,2.5,0.173838373841279
optuna,343,0.665506565065636,0.0878177004758578,2.5,0.173838373841279
optuna,344,0.666050939990594,0.0879449015052556,2.5,0.173838373841279
optuna,345,0.666169950406359,0.0879150244715862,2.5,0.173838373841279
optuna,346,0.667487421913242,0.0881857390943315,2.5,0.173838373841279
optuna,347,0.66790480999807,0.0882245209560187,2.5,0.173838373841279
optuna,348,0.668554700508217,0.0883234577766893,2.5,0.173838373841279
optuna,349,0.669476722035974,0.0883263134421063,2.5,0.173838373841279
optuna,350,0.669758770003104,0.0883531872003072,2.5,0.173838373841279
optuna,351,0.671147857380585,0.0885173615538614,2.5,0.173838373841279
optuna,352,0.671736126182156,0.0884834548927927,2.5,0.173838373841279
optuna,353,0.67199865437647,0.0885286722540945,2.5,0.173838373841279
optuna,354,0.672421185217556,0.0885401459577564,2.5,0.173838373841279
optuna,355,0.672694956074808,0.0885396160352843,2.5,0.173838373841279
optuna,356,0.673029167699551,0.0885895005317779,2.5,0.173838373841279
optuna,357,0.673455102234877,0.0886327112803536,2.5,0.173838373841279
optuna,358,0.674075025174642,0.0887026452842197,2.5,0.173838373841279
optuna,359,0.674558643039746,0.0887839217923161,2.5,0.173838373841279
optuna,360,0.675258025780241,0.0888121795918843,2.5,0.173838373841279
optuna,361,0.675477604940029,0.0888214947399335,2.5,0.173838373841279
optuna,362,0.675667951418491,0.0888185743202289,2.5,0.173838373841279
optuna,363,0.67590448034835,0.0888142456807678,2.5,0.173838373841279
optuna,364,0.676394409647211,0.0888449739441449,2.5,0.173838373841279
optuna,365,0.677063527527473,0.0889359786956753,2.5,0.173838373841279
optuna,366,0.677573263428949,0.0890107453276515,2.5,0.173838373841279
optuna,367,0.677997168165006,0.0889851256602462,2.5,0.173838373841279
optuna,368,0.67898299178049,0.0891242962352508,2.5,0.173838373841279
optuna,369,0.67931229339458,0.0891730102716018,2.5,0.173838373841279
optuna,370,0.679793818589152,0.0892469967575724,2.5,0.173838373841279
optuna,371,0.680141256388656,0.0893031607915852,2.5,0.173838373841279
optuna,372,0.680201272005759,0.0893105400494944,2.5,0.173838373841279
optuna,373,0.68027472009996,0.0893166986585596,2.5,0.173838373841279
optuna,374,0.681030369133119,0.0894523162958932,2.5,0.173838373841279
optuna,375,0.681296892119808,0.0894473465401381,2.5,0.173838373841279
optuna,376,0.68220790645008,0.0895096120670262,2.5,0.173838373841279
optuna,377,0.682429218005113,0.0895476972601518,2.5,0.173838373841279
optuna,378,0.683066190712494,0.089640439894767,2.5,0.173838373841279
optuna,379,0.683454135968312,0.0896584734863391,2.5,0.173838373841279
optuna,380,0.683611138083907,0.0896600850244644,2.5,0.173838373841279
optuna,381,0.683791255884534,0.0896471473098875,2.5,0.173838373841279
optuna,382,0.684661509328162,0.0897580348295313,2.5,0.173838373841279
optuna,383,0.685050408762223,0.0898282441684683,2.5,0.173838373841279
optuna,384,0.68589108879881,0.0898405332618838,2.5,0.173838373841279
optuna,385,0.686042888310793,0.0898326523192839,2.5,0.173838373841279
optuna,386,0.686184254553424,0.0898399333356892,2.5,0.173838373841279
optuna,387,0.686467648716836,0.089891515598789,2.5,0.173838373841279
optuna,388,0.68672677814015,0.0899073207169557,2.5,0.173838373841279
optuna,389,0.687507993742343,0.0898988674776114,2.5,0.173838373841279
optuna,390,0.687868586685184,0.0899434161083543,2.5,0.173838373841279
optuna,391,0.68896102206858,0.0900831503389102,2.5,0.173838373841279
optuna,392,0.689468934306262,0.0900558323909418,2.5,0.173838373841279
optuna,393,0.690133296466643,0.0900722495057582,2.5,0.173838373841279
optuna,394,0.690419582612869,0.0901107927405744,2.5,0.173838373841279
optuna,395,0.692265733028169,0.08965112668577,2.5,0.173838373841279
optuna,396,0.692470785725748,0.0896891483445563,2.5,0.173838373841279
optuna,397,0.693796018488659,0.089718498657007,2.5,0.173838373841279
optuna,398,0.69433160196509,0.0897218706400438,2.5,0.173838373841279
optuna,399,0.694575215886984,0.0897722895175693,2.5,0.173838373841279
optuna,400,0.695866328237519,0.0899885541394034,2.5,0.173838373841279
smac4hpo,1,-14.6217188568418,3.32883881615965,2.07142857142857,0.221490597480729
smac4hpo,2,-6.74183860713603,1.55576756298684,1.42857142857143,0.172705864236283
smac4hpo,3,-4.88017945291001,1.19770553686947,1.42857142857143,0.137252703261503
smac4hpo,4,-3.76299829302868,0.882367891526991,1.21428571428571,0.113803929545099
smac4hpo,5,-3.22043078021076,0.74949000690292,1.28571428571429,0.125294002758147
smac4hpo,6,-2.8040042065738,0.573973950729363,1.35714285714286,0.132894358488438
smac4hpo,7,-2.5257481193226,0.549189459115446,1.42857142857143,0.172705864236283
smac4hpo,8,-2.24910648652459,0.485895040178184,1.35714285714286,0.169262876931312
smac4hpo,9,-2.13618179274622,0.44934200425063,1.5,0.173838373841279
smac4hpo,10,-2.02082848910757,0.452500093194617,1.42857142857143,0.202030508910442
smac4hpo,11,-1.92756589858101,0.442745745361524,1.92857142857143,0.195112976973239
smac4hpo,12,-1.84417717745791,0.426331918021573,2,0.234403615469248
smac4hpo,13,-1.6987399334837,0.37680842876921,2,0.181568259800641
smac4hpo,14,-1.60022811612781,0.316174089324641,2,0.181568259800641
smac4hpo,15,-1.5297940371349,0.316922276223676,2.14285714285714,0.142857142857143
smac4hpo,16,-1.45244415822829,0.296743654593013,2.07142857142857,0.12685050967709
smac4hpo,17,-1.3626023459865,0.261821994211794,2.07142857142857,0.12685050967709
smac4hpo,18,-1.32706602788849,0.257107365191672,2.21428571428571,0.113803929545099
smac4hpo,19,-1.23085095429153,0.214986868439774,2.21428571428571,0.113803929545099
smac4hpo,20,-1.16444977082559,0.17514623676154,2.21428571428571,0.113803929545099
smac4hpo,21,-1.1177086268243,0.158056042192429,2.21428571428571,0.113803929545099
smac4hpo,22,-1.05200218421156,0.113079295023326,2.28571428571429,0.125294002758147
smac4hpo,23,-1.02767817845591,0.102397230950252,2.21428571428571,0.113803929545099
smac4hpo,24,-0.994013141479495,0.0973597627506336,2.14285714285714,0.0970523172123939
smac4hpo,25,-0.98152204746701,0.0939627434407408,2.14285714285714,0.0970523172123939
smac4hpo,26,-0.95875118479513,0.0945427584985172,2.21428571428571,0.113803929545099
smac4hpo,27,-0.931028989822375,0.091834469089514,2.14285714285714,0.0970523172123939
smac4hpo,28,-0.902489168624285,0.0834387771467187,2.21428571428571,0.113803929545099
smac4hpo,29,-0.855882591161979,0.0737021497347893,2.21428571428571,0.113803929545099
smac4hpo,30,-0.836187987725005,0.0718289659043015,2.21428571428571,0.113803929545099
smac4hpo,31,-0.810280162262194,0.0660723066893814,2.21428571428571,0.113803929545099
smac4hpo,32,-0.784319694628808,0.0613966051475322,2.14285714285714,0.0970523172123939
smac4hpo,33,-0.774994408100597,0.0611031404719135,2.14285714285714,0.0970523172123939
smac4hpo,34,-0.763179699574765,0.061295171328675,2.14285714285714,0.0970523172123939
smac4hpo,35,-0.754153207829014,0.0620404787947573,2.14285714285714,0.0970523172123939
smac4hpo,36,-0.747149795596799,0.062286503890479,2.14285714285714,0.0970523172123939
smac4hpo,37,-0.72211392795373,0.0605864312345759,2.14285714285714,0.0970523172123939
smac4hpo,38,-0.714830977090484,0.0603427682818545,2.14285714285714,0.0970523172123939
smac4hpo,39,-0.711559456648448,0.0609532955512758,2.14285714285714,0.0970523172123939
smac4hpo,40,-0.708974226376649,0.0608707313869729,2.14285714285714,0.0970523172123939
smac4hpo,41,-0.695418564928268,0.0587173226039228,2.14285714285714,0.0970523172123939
smac4hpo,42,-0.684752387150099,0.0575813434112312,2.14285714285714,0.0970523172123939
smac4hpo,43,-0.675895917617825,0.0576284346806457,2.14285714285714,0.0970523172123939
smac4hpo,44,-0.665628736913503,0.0581143134341683,2.14285714285714,0.0970523172123939
smac4hpo,45,-0.653285367050259,0.0584778266642654,2.07142857142857,0.0714285714285714
smac4hpo,46,-0.642671954272862,0.056398382927434,2.14285714285714,0.0970523172123939
smac4hpo,47,-0.632629028064774,0.0563358868159843,2.14285714285714,0.0970523172123939
smac4hpo,48,-0.621693448895218,0.0544991320854048,2.14285714285714,0.0970523172123939
smac4hpo,49,-0.61019365171032,0.0536998549542351,2.14285714285714,0.0970523172123939
smac4hpo,50,-0.601304944805328,0.0532952334087718,2.21428571428571,0.113803929545099
smac4hpo,51,-0.559130743287853,0.0570851375084085,2.14285714285714,0.0970523172123939
smac4hpo,52,-0.549408554487511,0.0581037812301726,2.14285714285714,0.0970523172123939
smac4hpo,53,-0.537208433371783,0.060671701090408,2.14285714285714,0.0970523172123939
smac4hpo,54,-0.528256962980214,0.0595536397391823,2.14285714285714,0.0970523172123939
smac4hpo,55,-0.520075519296833,0.0605330541403653,2.14285714285714,0.0970523172123939
smac4hpo,56,-0.51114651953561,0.060235470007394,2.14285714285714,0.0970523172123939
smac4hpo,57,-0.504031888475744,0.061219844830228,2.14285714285714,0.0970523172123939
smac4hpo,58,-0.501530426507908,0.0620514870821135,2.14285714285714,0.0970523172123939
smac4hpo,59,-0.476237454309938,0.0688923692247874,2.14285714285714,0.0970523172123939
smac4hpo,60,-0.464968115883533,0.0691651444875298,2.21428571428571,0.113803929545099
smac4hpo,61,-0.449800213901109,0.0737348147511204,2.21428571428571,0.113803929545099
smac4hpo,62,-0.433380679709581,0.0697157477609579,2.21428571428571,0.113803929545099
smac4hpo,63,-0.428928120132542,0.0704915924542761,2.21428571428571,0.113803929545099
smac4hpo,64,-0.417917459184267,0.0710360147020093,2.21428571428571,0.113803929545099
smac4hpo,65,-0.408968849047372,0.0722844090355177,2.14285714285714,0.0970523172123939
smac4hpo,66,-0.405264925692843,0.0738341119216193,2.21428571428571,0.113803929545099
smac4hpo,67,-0.387303744652548,0.0814887631816602,2.21428571428571,0.113803929545099
smac4hpo,68,-0.383307715160083,0.0834803547633105,2.21428571428571,0.113803929545099
smac4hpo,69,-0.376207838736567,0.0846086198171468,2.21428571428571,0.113803929545099
smac4hpo,70,-0.364897238878454,0.082990810760133,2.21428571428571,0.113803929545099
smac4hpo,71,-0.33399904877694,0.080099244379242,2.14285714285714,0.0970523172123939
smac4hpo,72,-0.320178877835201,0.0804970815431431,2.14285714285714,0.0970523172123939
smac4hpo,73,-0.294420788306655,0.0783719260494129,2.14285714285714,0.0970523172123939
smac4hpo,74,-0.280740790564064,0.0798228160437357,2.14285714285714,0.0970523172123939
smac4hpo,75,-0.257487559925774,0.0872781426073543,2.07142857142857,0.12685050967709
smac4hpo,76,-0.249187304062888,0.0877066581707603,2.07142857142857,0.12685050967709
smac4hpo,77,-0.237691835065673,0.089829739349922,2.14285714285714,0.0970523172123939
smac4hpo,78,-0.22867845239221,0.0919804992583544,2.14285714285714,0.142857142857143
smac4hpo,79,-0.212955589614901,0.0939341919046825,2.07142857142857,0.12685050967709
smac4hpo,80,-0.193082595071242,0.0959495764569986,2.07142857142857,0.12685050967709
smac4hpo,81,-0.163282704805349,0.0891792797151199,2.07142857142857,0.12685050967709
smac4hpo,82,-0.146029955494134,0.0892653971334303,2.14285714285714,0.0970523172123939
smac4hpo,83,-0.126774829664155,0.0897679042161638,2.07142857142857,0.12685050967709
smac4hpo,84,-0.113695741840353,0.0904709966076619,2.14285714285714,0.142857142857143
smac4hpo,85,-0.102687534944547,0.0899216343506241,2.21428571428571,0.113803929545099
smac4hpo,86,-0.0940801378734535,0.0905590853868861,2.14285714285714,0.142857142857143
smac4hpo,87,-0.0715055477149121,0.0911116972414749,2.07142857142857,0.12685050967709
smac4hpo,88,-0.063446445181537,0.0923515937693933,2.07142857142857,0.12685050967709
smac4hpo,89,-0.0439272196335135,0.0932645797032696,2.07142857142857,0.12685050967709
smac4hpo,90,-0.0331925775363471,0.0934978815786782,2.07142857142857,0.12685050967709
smac4hpo,91,-0.0239978545815334,0.0950561695149135,2.07142857142857,0.12685050967709
smac4hpo,92,-0.0153643327153178,0.0961270614695178,2.07142857142857,0.12685050967709
smac4hpo,93,-0.0104835017411454,0.0966952949032407,2.14285714285714,0.142857142857143
smac4hpo,94,-0.00172541635266124,0.0966319673781326,2.07142857142857,0.12685050967709
smac4hpo,95,0.00768520281396788,0.0985067051638111,2.07142857142857,0.12685050967709
smac4hpo,96,0.0166683184122374,0.0994504611189115,2.07142857142857,0.12685050967709
smac4hpo,97,0.0402108191115681,0.10116937288457,2.07142857142857,0.12685050967709
smac4hpo,98,0.0535149659901906,0.102778108835194,2.07142857142857,0.12685050967709
smac4hpo,99,0.0635770297187027,0.105611622918553,2.07142857142857,0.12685050967709
smac4hpo,100,0.0703402891396486,0.106821905100468,2.07142857142857,0.12685050967709
smac4hpo,101,0.097753138777147,0.101948660244837,2.14285714285714,0.142857142857143
smac4hpo,102,0.115588655280839,0.100621329969091,2.14285714285714,0.142857142857143
smac4hpo,103,0.140117830647188,0.100781637628796,2.07142857142857,0.164560210240351
smac4hpo,104,0.149987195184017,0.100707821457143,2.07142857142857,0.164560210240351
smac4hpo,105,0.164243732780938,0.101135079396287,2.14285714285714,0.177192477984584
smac4hpo,106,0.183818509866169,0.101282370354781,2.07142857142857,0.195112976973239
smac4hpo,107,0.193632050873376,0.101438579956728,2.14285714285714,0.177192477984584
smac4hpo,108,0.204417547517954,0.101885203060121,2.07142857142857,0.195112976973239
smac4hpo,109,0.214898400070292,0.100028583455115,2.07142857142857,0.195112976973239
smac4hpo,110,0.22934441845398,0.0984910551735508,2.07142857142857,0.195112976973239
smac4hpo,111,0.236725628421359,0.0994564814610816,2.14285714285714,0.205879054892255
smac4hpo,112,0.243088761747634,0.0996977968340352,2.14285714285714,0.205879054892255
smac4hpo,113,0.254262103105072,0.0994809238027374,2.14285714285714,0.205879054892255
smac4hpo,114,0.260205100709854,0.0991450161305624,2.14285714285714,0.205879054892255
smac4hpo,115,0.268496154272781,0.0996253682094887,2,0.209656967344384
smac4hpo,116,0.276262041078976,0.100522769142103,1.92857142857143,0.221490597480729
smac4hpo,117,0.287240802622851,0.0988973927120472,1.92857142857143,0.245045089241514
smac4hpo,118,0.296083764548052,0.0991554752815133,1.92857142857143,0.245045089241514
smac4hpo,119,0.306434536528118,0.0994334344269872,1.92857142857143,0.245045089241514
smac4hpo,120,0.312050884675413,0.09894231205726,1.92857142857143,0.245045089241514
smac4hpo,121,0.320467324582179,0.100082883605931,1.92857142857143,0.245045089241514
smac4hpo,122,0.323228075333739,0.100064257823536,1.92857142857143,0.245045089241514
smac4hpo,123,0.327637724069952,0.100873265941209,2,0.234403615469248
smac4hpo,124,0.332389427496504,0.101679155288667,2,0.234403615469248
smac4hpo,125,0.338854969548375,0.101002018249322,1.92857142857143,0.221490597480729
smac4hpo,126,0.344971842097862,0.101156830692239,1.92857142857143,0.221490597480729
smac4hpo,127,0.352594262763874,0.10106828094563,1.85714285714286,0.231030725732183
smac4hpo,128,0.357601699569781,0.101550973093568,1.85714285714286,0.231030725732183
smac4hpo,129,0.3653919226602,0.102692405436319,1.92857142857143,0.221490597480729
smac4hpo,130,0.370858377373306,0.103025843608073,1.92857142857143,0.221490597480729
smac4hpo,131,0.37816205720087,0.103019868619098,1.92857142857143,0.221490597480729
smac4hpo,132,0.380692882008779,0.103285916907077,1.92857142857143,0.221490597480729
smac4hpo,133,0.392172960772629,0.101569558787322,1.92857142857143,0.221490597480729
smac4hpo,134,0.397454993602029,0.100916664525719,1.92857142857143,0.221490597480729
smac4hpo,135,0.404176619214572,0.101761133747052,1.92857142857143,0.221490597480729
smac4hpo,136,0.408008811860392,0.101270714227757,1.92857142857143,0.221490597480729
smac4hpo,137,0.41187263311045,0.101772174241089,1.92857142857143,0.221490597480729
smac4hpo,138,0.416247275321655,0.102107551538321,1.92857142857143,0.221490597480729
smac4hpo,139,0.420288395875988,0.102739688656581,1.92857142857143,0.221490597480729
smac4hpo,140,0.422441332859711,0.102960009088758,1.92857142857143,0.221490597480729
smac4hpo,141,0.428396001574466,0.102406599010626,1.92857142857143,0.221490597480729
smac4hpo,142,0.433837884738646,0.101751156328973,2,0.209656967344384
smac4hpo,143,0.439279944869685,0.101361991963253,2,0.209656967344384
smac4hpo,144,0.442768241236866,0.101730234217254,2,0.209656967344384
smac4hpo,145,0.448176808519962,0.102548747161473,2,0.209656967344384
smac4hpo,146,0.450474218253087,0.102779408124957,2,0.209656967344384
smac4hpo,147,0.454368639762126,0.103115663673083,2,0.209656967344384
smac4hpo,148,0.459870445559894,0.103262605307889,2,0.209656967344384
smac4hpo,149,0.464405962931878,0.102835337249108,2,0.209656967344384
smac4hpo,150,0.469357208864305,0.102687386753006,2,0.209656967344384
smac4hpo,151,0.473603635002738,0.103171210983344,2,0.209656967344384
smac4hpo,152,0.476321530466387,0.103090755343716,2,0.209656967344384
smac4hpo,153,0.479509011709833,0.103472572795825,2,0.209656967344384
smac4hpo,154,0.481454331216204,0.103747750773877,2,0.209656967344384
smac4hpo,155,0.485577714143619,0.104248490683019,2.07142857142857,0.195112976973239
smac4hpo,156,0.488933317474803,0.103821788591066,2.07142857142857,0.195112976973239
smac4hpo,157,0.494362292548903,0.103508401670977,2.07142857142857,0.195112976973239
smac4hpo,158,0.496471604761788,0.103566066644643,2.07142857142857,0.195112976973239
smac4hpo,159,0.5012120454165,0.10387498433106,2,0.209656967344384
smac4hpo,160,0.506315507557789,0.103707274948465,2,0.209656967344384
smac4hpo,161,0.509857801990953,0.104026392097262,1.92857142857143,0.221490597480729
smac4hpo,162,0.510975518070579,0.104051808750823,1.92857142857143,0.221490597480729
smac4hpo,163,0.514045111153582,0.103961873627004,2,0.209656967344384
smac4hpo,164,0.516937775928448,0.103828306451118,2,0.209656967344384
smac4hpo,165,0.521721035544505,0.103878935610179,2,0.209656967344384
smac4hpo,166,0.52314411470626,0.103643860252214,2,0.209656967344384
smac4hpo,167,0.527766765473512,0.103663199338081,2,0.209656967344384
smac4hpo,168,0.528762606948716,0.10355958257326,2,0.209656967344384
smac4hpo,169,0.531103525843552,0.103874950233636,2,0.209656967344384
smac4hpo,170,0.533020150065376,0.103945339833687,2,0.209656967344384
smac4hpo,171,0.535591819564293,0.104365219124221,2,0.209656967344384
smac4hpo,172,0.537306380376848,0.104665290040661,2,0.209656967344384
smac4hpo,173,0.541191472702546,0.104002821416912,2,0.209656967344384
smac4hpo,174,0.543159211934194,0.103500406149381,2.07142857142857,0.195112976973239
smac4hpo,175,0.546374563524671,0.103784895558392,2.07142857142857,0.195112976973239
smac4hpo,176,0.549161474124898,0.103863089772174,2.07142857142857,0.195112976973239
smac4hpo,177,0.55163449801644,0.104421786182594,2.07142857142857,0.195112976973239
smac4hpo,178,0.555309165270285,0.105017139691039,2.07142857142857,0.195112976973239
smac4hpo,179,0.55728129374902,0.105337732475045,2.07142857142857,0.195112976973239
smac4hpo,180,0.559881152490541,0.105340037572657,2.07142857142857,0.195112976973239
smac4hpo,181,0.564297677519282,0.10450133181122,2.07142857142857,0.195112976973239
smac4hpo,182,0.569498146529777,0.103947704156239,2.07142857142857,0.195112976973239
smac4hpo,183,0.572002098044178,0.103998317229829,2.07142857142857,0.195112976973239
smac4hpo,184,0.573647181081754,0.104007477410382,2.07142857142857,0.195112976973239
smac4hpo,185,0.575482091196257,0.104072809236667,2.07142857142857,0.195112976973239
smac4hpo,186,0.576398827194981,0.10419577260174,2.07142857142857,0.195112976973239
smac4hpo,187,0.57939515343114,0.103953031097582,2.07142857142857,0.195112976973239
smac4hpo,188,0.581956723393517,0.10428821612345,2.07142857142857,0.195112976973239
smac4hpo,189,0.585788593481374,0.104273182589604,2,0.209656967344384
smac4hpo,190,0.586517379578293,0.104255875782386,2,0.209656967344384
smac4hpo,191,0.588530782453585,0.104526963671061,2,0.209656967344384
smac4hpo,192,0.590526632290771,0.1041825514059,2,0.209656967344384
smac4hpo,193,0.5934345032542,0.104795537765801,2.07142857142857,0.195112976973239
smac4hpo,194,0.596401748482021,0.1054489626353,2,0.209656967344384
smac4hpo,195,0.598109029631694,0.105463819531729,2,0.209656967344384
smac4hpo,196,0.600799881047891,0.105359249454907,2,0.209656967344384
smac4hpo,197,0.603187842963168,0.104764939580876,2,0.209656967344384
smac4hpo,198,0.603954488695014,0.104671325581771,2,0.209656967344384
smac4hpo,199,0.605694345926021,0.10476412047709,2,0.209656967344384
smac4hpo,200,0.607235566938939,0.10472167690769,2,0.209656967344384
smac4hpo,201,0.610336800031257,0.104846690808109,2,0.209656967344384
smac4hpo,202,0.611921359059923,0.104882877570898,2,0.209656967344384
smac4hpo,203,0.612438954624849,0.104962021534318,2,0.209656967344384
smac4hpo,204,0.61301201388815,0.104826531149845,2,0.209656967344384
smac4hpo,205,0.613815891707004,0.104851182417936,1.92857142857143,0.195112976973239
smac4hpo,206,0.614642845552234,0.104963765989157,1.92857142857143,0.195112976973239
smac4hpo,207,0.617789695259998,0.104752483221329,1.92857142857143,0.195112976973239
smac4hpo,208,0.619402925192021,0.104885083338846,1.92857142857143,0.195112976973239
smac4hpo,209,0.620764826213326,0.105126504580816,1.92857142857143,0.195112976973239
smac4hpo,210,0.621817743618092,0.105283521214375,1.92857142857143,0.195112976973239
smac4hpo,211,0.624205452818611,0.10512455381946,1.92857142857143,0.195112976973239
smac4hpo,212,0.624441520901,0.105109270898039,1.92857142857143,0.195112976973239
smac4hpo,213,0.626547558996316,0.104819738782598,1.92857142857143,0.195112976973239
smac4hpo,214,0.627669382714955,0.104653176867622,1.92857142857143,0.195112976973239
smac4hpo,215,0.630453952825908,0.104605469691601,1.92857142857143,0.195112976973239
smac4hpo,216,0.631641743553344,0.104800322182378,1.92857142857143,0.195112976973239
smac4hpo,217,0.632826240036042,0.104851991758192,1.92857142857143,0.195112976973239
smac4hpo,218,0.633471322472736,0.104802828959766,1.92857142857143,0.195112976973239
smac4hpo,219,0.634426221975037,0.104943502444849,1.92857142857143,0.195112976973239
smac4hpo,220,0.634975516743857,0.104962733990382,1.92857142857143,0.195112976973239
smac4hpo,221,0.635954513638699,0.104876831660912,1.92857142857143,0.195112976973239
smac4hpo,222,0.638999414714413,0.10445261172344,2,0.181568259800641
smac4hpo,223,0.640077624082766,0.104411703013677,2,0.181568259800641
smac4hpo,224,0.641877997390261,0.104370520755469,2,0.181568259800641
smac4hpo,225,0.643824272998907,0.104791648744796,2,0.181568259800641
smac4hpo,226,0.64492420254746,0.105079378293701,2,0.181568259800641
smac4hpo,227,0.646409548497503,0.105193514132893,2,0.181568259800641
smac4hpo,228,0.647292378811561,0.105045537629735,2,0.181568259800641
smac4hpo,229,0.648334757570568,0.104782617881417,2,0.181568259800641
smac4hpo,230,0.649712361874196,0.1046143573361,2,0.181568259800641
smac4hpo,231,0.650935588209593,0.104795674238952,2,0.181568259800641
smac4hpo,232,0.651825630851678,0.10471952164444,2,0.181568259800641
smac4hpo,233,0.652624809667979,0.104737290602843,2,0.181568259800641
smac4hpo,234,0.653470588951828,0.104973640758251,2,0.181568259800641
smac4hpo,235,0.65407688559944,0.105135893089163,2,0.181568259800641
smac4hpo,236,0.654612364344662,0.105137751937688,2,0.181568259800641
smac4hpo,237,0.655538096177051,0.105078984554818,2,0.181568259800641
smac4hpo,238,0.656915970427529,0.104947958994321,2,0.181568259800641
smac4hpo,239,0.66044719186505,0.10488138678941,2,0.181568259800641
smac4hpo,240,0.662446377880367,0.104805222195471,2,0.181568259800641
smac4hpo,241,0.663910133943274,0.105069831731184,2,0.181568259800641
smac4hpo,242,0.664450720388422,0.105090424863138,2,0.181568259800641
smac4hpo,243,0.664989568197864,0.105153349379195,2,0.181568259800641
smac4hpo,244,0.666492155414983,0.105239905436172,2,0.181568259800641
smac4hpo,245,0.670229860770119,0.105222879877736,2,0.181568259800641
smac4hpo,246,0.673980848702656,0.105334663202173,1.92857142857143,0.195112976973239
smac4hpo,247,0.675305107840956,0.105491332353295,1.92857142857143,0.195112976973239
smac4hpo,248,0.676246706124844,0.10557324795116,1.92857142857143,0.195112976973239
smac4hpo,249,0.676947059449464,0.105567057615068,1.92857142857143,0.195112976973239
smac4hpo,250,0.677095850237466,0.105596915239012,1.92857142857143,0.195112976973239
smac4hpo,251,0.678192283762558,0.105666207483289,1.92857142857143,0.195112976973239
smac4hpo,252,0.678300911426599,0.105668171113647,1.92857142857143,0.195112976973239
smac4hpo,253,0.679468472345057,0.105660462481748,1.92857142857143,0.195112976973239
smac4hpo,254,0.679739467041405,0.105580728233457,2,0.209656967344384
smac4hpo,255,0.680545746880978,0.105668602508402,1.92857142857143,0.195112976973239
smac4hpo,256,0.680981831058086,0.105717477338326,1.92857142857143,0.195112976973239
smac4hpo,257,0.681228354814997,0.105743301452627,2,0.209656967344384
smac4hpo,258,0.681436386983149,0.105763242334253,2,0.209656967344384
smac4hpo,259,0.682435251330434,0.105781072306689,2,0.209656967344384
smac4hpo,260,0.683204224780162,0.105761025810586,2,0.209656967344384
smac4hpo,261,0.683606749179136,0.105692412963677,1.92857142857143,0.195112976973239
smac4hpo,262,0.684375074907417,0.10569331604192,2,0.209656967344384
smac4hpo,263,0.685933005746189,0.105763308326344,1.92857142857143,0.195112976973239
smac4hpo,264,0.686224015446978,0.105752173654404,1.92857142857143,0.195112976973239
smac4hpo,265,0.687297668107161,0.10587680413358,2,0.209656967344384
smac4hpo,266,0.688130537431663,0.106008156341344,1.92857142857143,0.195112976973239
smac4hpo,267,0.688380706982652,0.106074782915706,1.92857142857143,0.195112976973239
smac4hpo,268,0.688499035231538,0.106075606374219,1.92857142857143,0.195112976973239
smac4hpo,269,0.689665557464588,0.106017387584411,1.92857142857143,0.195112976973239
smac4hpo,270,0.690345663922381,0.10594011828503,1.92857142857143,0.195112976973239
smac4hpo,271,0.690902740037284,0.106004094257832,1.92857142857143,0.195112976973239
smac4hpo,272,0.691903802620776,0.105985389238421,1.92857142857143,0.195112976973239
smac4hpo,273,0.693265599523868,0.106248305907311,1.92857142857143,0.195112976973239
smac4hpo,274,0.69507396998214,0.106200124804956,1.92857142857143,0.195112976973239
smac4hpo,275,0.695722437811353,0.106361302680011,1.92857142857143,0.195112976973239
smac4hpo,276,0.695804236820534,0.10637799660329,1.92857142857143,0.195112976973239
smac4hpo,277,0.696184930330379,0.106382084920623,1.92857142857143,0.195112976973239
smac4hpo,278,0.696647908217074,0.10638917438258,1.92857142857143,0.195112976973239
smac4hpo,279,0.697603670926967,0.10646233100863,1.92857142857143,0.195112976973239
smac4hpo,280,0.697857049815169,0.106478873604569,1.92857142857143,0.195112976973239
smac4hpo,281,0.698405811929337,0.106536711799319,1.92857142857143,0.195112976973239
smac4hpo,282,0.699850337980855,0.10670769499872,1.92857142857143,0.195112976973239
smac4hpo,283,0.700071250624982,0.106731179003407,1.92857142857143,0.195112976973239
smac4hpo,284,0.700992256243491,0.106808261389764,1.92857142857143,0.195112976973239
smac4hpo,285,0.702578593018568,0.10679515456523,1.92857142857143,0.195112976973239
smac4hpo,286,0.702693446063511,0.106777296030347,1.92857142857143,0.195112976973239
smac4hpo,287,0.703390018513605,0.10688884253079,1.92857142857143,0.195112976973239
smac4hpo,288,0.703717207914223,0.106880743670606,1.92857142857143,0.195112976973239
smac4hpo,289,0.704989740428813,0.106965960095836,1.92857142857143,0.195112976973239
smac4hpo,290,0.705780847312883,0.107057578866734,1.92857142857143,0.195112976973239
smac4hpo,291,0.706693053349546,0.107155403874958,1.92857142857143,0.195112976973239
smac4hpo,292,0.70708045830544,0.107210442378762,1.92857142857143,0.195112976973239
smac4hpo,293,0.708032958002408,0.107162830677801,1.92857142857143,0.195112976973239
smac4hpo,294,0.708365510833798,0.107075475885031,1.92857142857143,0.195112976973239
smac4hpo,295,0.708736062269721,0.107077254294217,1.92857142857143,0.195112976973239
smac4hpo,296,0.709356079241272,0.107102933797694,1.92857142857143,0.195112976973239
smac4hpo,297,0.709515495006176,0.107126240890086,1.92857142857143,0.195112976973239
smac4hpo,298,0.709654963030953,0.107138711466588,1.92857142857143,0.195112976973239
smac4hpo,299,0.709792275382656,0.1071737631822,1.92857142857143,0.195112976973239
smac4hpo,300,0.710167852447821,0.107207594356774,1.92857142857143,0.195112976973239
smac4hpo,301,0.710439623511395,0.107132615161871,1.92857142857143,0.195112976973239
smac4hpo,302,0.711123669439035,0.107139386199037,1.92857142857143,0.195112976973239
smac4hpo,303,0.712015292358487,0.107229444790895,1.92857142857143,0.195112976973239
smac4hpo,304,0.712394329474335,0.107297690539237,1.92857142857143,0.195112976973239
smac4hpo,305,0.712770547520618,0.107322524011839,1.92857142857143,0.195112976973239
smac4hpo,306,0.713039637908813,0.10730191423837,1.92857142857143,0.195112976973239
smac4hpo,307,0.714098813719175,0.107458251720472,1.92857142857143,0.195112976973239
smac4hpo,308,0.714535804052292,0.107532044194616,1.92857142857143,0.195112976973239
smac4hpo,309,0.714670046907108,0.107496178431049,1.92857142857143,0.195112976973239
smac4hpo,310,0.714985694578235,0.107529567862512,1.92857142857143,0.195112976973239
smac4hpo,311,0.715615020980669,0.107606473100862,1.92857142857143,0.195112976973239
smac4hpo,312,0.716001483404408,0.107652661983794,1.92857142857143,0.195112976973239
smac4hpo,313,0.716402688522595,0.10769755016618,1.92857142857143,0.195112976973239
smac4hpo,314,0.716553118075565,0.107730790678362,1.92857142857143,0.195112976973239
smac4hpo,315,0.716720274677524,0.107712439770968,1.92857142857143,0.195112976973239
smac4hpo,316,0.717157041290512,0.107657815303831,1.92857142857143,0.195112976973239
smac4hpo,317,0.718208591083261,0.107622411787482,1.92857142857143,0.195112976973239
smac4hpo,318,0.719759002910053,0.107774667699186,1.92857142857143,0.195112976973239
smac4hpo,319,0.7199879520123,0.107763680530001,1.92857142857143,0.195112976973239
smac4hpo,320,0.720048306022877,0.10777137694034,1.92857142857143,0.195112976973239
smac4hpo,321,0.720291753265899,0.107812129935995,1.92857142857143,0.195112976973239
smac4hpo,322,0.720532108962996,0.107841587821298,1.92857142857143,0.195112976973239
smac4hpo,323,0.720720330526682,0.107863752125254,1.92857142857143,0.195112976973239
smac4hpo,324,0.721229341492241,0.107990106301139,1.92857142857143,0.195112976973239
smac4hpo,325,0.722328584357831,0.107744017838147,1.92857142857143,0.195112976973239
smac4hpo,326,0.724935646400196,0.106778664755167,1.92857142857143,0.195112976973239
smac4hpo,327,0.726464636808711,0.106957900792218,1.92857142857143,0.195112976973239
smac4hpo,328,0.726611330390852,0.106973551756906,1.92857142857143,0.195112976973239
smac4hpo,329,0.726711898904546,0.10697356599457,1.92857142857143,0.195112976973239
smac4hpo,330,0.726787027344628,0.106981898824679,1.92857142857143,0.195112976973239
smac4hpo,331,0.727060532340755,0.106996856034341,1.92857142857143,0.195112976973239
smac4hpo,332,0.72737244352896,0.107004684808819,1.92857142857143,0.195112976973239
smac4hpo,333,0.727982665751004,0.10695533790229,1.92857142857143,0.195112976973239
smac4hpo,334,0.72875897619164,0.107008344445494,1.92857142857143,0.195112976973239
smac4hpo,335,0.729322227712846,0.107062473332952,1.92857142857143,0.195112976973239
smac4hpo,336,0.729581639719668,0.107068105876764,1.92857142857143,0.195112976973239
smac4hpo,337,0.729855815301511,0.10708979181004,1.92857142857143,0.195112976973239
smac4hpo,338,0.730494813135185,0.106952540700283,1.92857142857143,0.195112976973239
smac4hpo,339,0.731140766580087,0.107036022839923,1.92857142857143,0.195112976973239
smac4hpo,340,0.731171424151707,0.107044425396811,1.92857142857143,0.195112976973239
smac4hpo,341,0.731353343253545,0.106992538992963,1.92857142857143,0.195112976973239
smac4hpo,342,0.731631526042043,0.106949391791944,1.92857142857143,0.195112976973239
smac4hpo,343,0.731810453376563,0.106926813477557,1.92857142857143,0.195112976973239
smac4hpo,344,0.732049580771308,0.106892684068641,1.92857142857143,0.195112976973239
smac4hpo,345,0.732238983133726,0.106925456366963,1.92857142857143,0.195112976973239
smac4hpo,346,0.732307006776243,0.10693398687474,1.92857142857143,0.195112976973239
smac4hpo,347,0.732495360037531,0.106906714415751,1.92857142857143,0.195112976973239
smac4hpo,348,0.732567304159865,0.106901875590273,1.92857142857143,0.195112976973239
smac4hpo,349,0.733563495613615,0.106880345650353,1.92857142857143,0.195112976973239
smac4hpo,350,0.734193859947749,0.10696429932865,1.92857142857143,0.195112976973239
smac4hpo,351,0.734339038024279,0.106958763187294,1.92857142857143,0.195112976973239
smac4hpo,352,0.734488316370121,0.106959296310913,1.92857142857143,0.195112976973239
smac4hpo,353,0.734815815466668,0.10698899524811,1.92857142857143,0.195112976973239
smac4hpo,354,0.736150833460431,0.107227732300712,1.92857142857143,0.195112976973239
smac4hpo,355,0.736598467847868,0.107280543988671,1.92857142857143,0.195112976973239
smac4hpo,356,0.736669295620598,0.107278427183714,1.92857142857143,0.195112976973239
smac4hpo,357,0.737857592125188,0.107474748508618,1.92857142857143,0.195112976973239
smac4hpo,358,0.738467356720286,0.107530594665555,1.92857142857143,0.195112976973239
smac4hpo,359,0.738714014868383,0.107556172557909,1.92857142857143,0.195112976973239
smac4hpo,360,0.740906433987368,0.107224815904118,1.92857142857143,0.195112976973239
smac4hpo,361,0.741293669442025,0.107305523322845,1.92857142857143,0.195112976973239
smac4hpo,362,0.741738114276397,0.107178554545051,1.92857142857143,0.195112976973239
smac4hpo,363,0.741948419071694,0.10722271870918,1.92857142857143,0.195112976973239
smac4hpo,364,0.742010135957176,0.107235144529632,1.92857142857143,0.195112976973239
smac4hpo,365,0.742764672574119,0.107353428959029,1.92857142857143,0.195112976973239
smac4hpo,366,0.743224871096764,0.107427316489052,1.92857142857143,0.195112976973239
smac4hpo,367,0.743285156999908,0.107430674223416,1.92857142857143,0.195112976973239
smac4hpo,368,0.744028776917124,0.107526582441699,1.92857142857143,0.195112976973239
smac4hpo,369,0.744438906966064,0.107622877080824,1.92857142857143,0.195112976973239
smac4hpo,370,0.745242800141536,0.107802867471207,1.92857142857143,0.195112976973239
smac4hpo,371,0.746219589555521,0.107987415547105,1.92857142857143,0.195112976973239
smac4hpo,372,0.746300489615932,0.107991305158273,1.92857142857143,0.195112976973239
smac4hpo,373,0.746909831323114,0.108017576962067,1.92857142857143,0.195112976973239
smac4hpo,374,0.747020982111347,0.107988464554622,1.92857142857143,0.195112976973239
smac4hpo,375,0.747863099088952,0.107923240824294,1.92857142857143,0.195112976973239
smac4hpo,376,0.748683168780706,0.108087259593361,1.92857142857143,0.195112976973239
smac4hpo,377,0.748795266861313,0.108116237440641,1.92857142857143,0.195112976973239
smac4hpo,378,0.748840038616653,0.108123813429863,1.92857142857143,0.195112976973239
smac4hpo,379,0.749149982598948,0.108154816361148,1.92857142857143,0.195112976973239
smac4hpo,380,0.749225521538945,0.108150488995806,1.92857142857143,0.195112976973239
smac4hpo,381,0.749381705137406,0.108128968838127,1.92857142857143,0.195112976973239
smac4hpo,382,0.750298939659946,0.108343888539002,1.92857142857143,0.195112976973239
smac4hpo,383,0.750437395156646,0.108329301317674,1.92857142857143,0.195112976973239
smac4hpo,384,0.750454325599789,0.108330099491769,1.92857142857143,0.195112976973239
smac4hpo,385,0.750692718582421,0.108392038648132,1.92857142857143,0.195112976973239
smac4hpo,386,0.751178711550366,0.108520300788046,1.92857142857143,0.195112976973239
smac4hpo,387,0.751221851661835,0.108529686070506,1.92857142857143,0.195112976973239
smac4hpo,388,0.751907579197886,0.108699674369656,1.92857142857143,0.195112976973239
smac4hpo,389,0.752824842097743,0.108603888071695,1.92857142857143,0.195112976973239
smac4hpo,390,0.752870585776733,0.108595873920074,1.92857142857143,0.195112976973239
smac4hpo,391,0.753154612175681,0.10858852344564,1.92857142857143,0.195112976973239
smac4hpo,392,0.753291338754625,0.108575388947019,1.92857142857143,0.195112976973239
smac4hpo,393,0.753937785076851,0.108714406850077,1.92857142857143,0.195112976973239
smac4hpo,394,0.754071603505601,0.108717914539687,1.92857142857143,0.195112976973239
smac4hpo,395,0.754833069586591,0.108843523650186,1.92857142857143,0.195112976973239
smac4hpo,396,0.754843528527703,0.108846538829058,1.92857142857143,0.195112976973239
smac4hpo,397,0.754981627691139,0.108839621176738,1.92857142857143,0.195112976973239
smac4hpo,398,0.755326646309662,0.108838781157478,1.92857142857143,0.195112976973239
smac4hpo,399,0.755588047149236,0.108882144426679,1.92857142857143,0.195112976973239
smac4hpo,400,0.755695387970054,0.108882469898494,1.92857142857143,0.195112976973239
mlr3mbo,1,-13.781534943256,3.12697552685675,1.57142857142857,0.202030508910442
mlr3mbo,2,-8.52267066175978,1.56293925910199,2.42857142857143,0.202030508910442
mlr3mbo,3,-5.86121256094861,0.951077136570987,2.35714285714286,0.199095284966961
mlr3mbo,4,-4.69076406550884,0.843350976082406,2.5,0.138675049056307
mlr3mbo,5,-3.81993509899543,0.764885961079735,2.5,0.138675049056307
mlr3mbo,6,-3.40320552107934,0.661935446297614,2.64285714285714,0.132894358488438
mlr3mbo,7,-3.08954303308828,0.601610729978708,2.42857142857143,0.172705864236283
mlr3mbo,8,-2.74520476500417,0.503098710961617,2.57142857142857,0.172705864236283
mlr3mbo,9,-2.46293333897736,0.449608089294851,2.21428571428571,0.238552674132884
mlr3mbo,10,-2.17877727686167,0.332715114406933,2.35714285714286,0.225006540982893
mlr3mbo,11,-2.09542344006625,0.331234283974422,2.78571428571429,0.113803929545099
mlr3mbo,12,-1.86518611582576,0.231721570922273,2.57142857142857,0.172705864236283
mlr3mbo,13,-1.79923954674619,0.213697892105458,2.64285714285714,0.169262876931312
mlr3mbo,14,-1.73879785966875,0.202254047652944,2.78571428571429,0.113803929545099
mlr3mbo,15,-1.63110805111105,0.193240634943805,2.78571428571429,0.113803929545099
mlr3mbo,16,-1.54086181230536,0.154754263545662,2.85714285714286,0.0970523172123939
mlr3mbo,17,-1.47935221258021,0.139099997932316,2.85714285714286,0.0970523172123939
mlr3mbo,18,-1.43185223872356,0.129652541947121,2.78571428571429,0.113803929545099
mlr3mbo,19,-1.38422154178086,0.131050274417693,2.78571428571429,0.113803929545099
mlr3mbo,20,-1.3515339507793,0.130416890897044,2.78571428571429,0.113803929545099
mlr3mbo,21,-1.30562945887784,0.133420421920819,2.78571428571429,0.113803929545099
mlr3mbo,22,-1.23415698772593,0.122911753604065,2.71428571428571,0.125294002758147
mlr3mbo,23,-1.19156459513617,0.117050036709926,2.78571428571429,0.113803929545099
mlr3mbo,24,-1.14775901880293,0.0976765252543441,2.85714285714286,0.0970523172123939
mlr3mbo,25,-1.11828112749962,0.0931659848165035,2.85714285714286,0.0970523172123939
mlr3mbo,26,-1.10706273248903,0.0910804895058435,2.78571428571429,0.113803929545099
mlr3mbo,27,-1.08780534699341,0.0831615242601806,2.85714285714286,0.0970523172123939
mlr3mbo,28,-1.06690244673273,0.083102604431742,2.78571428571429,0.113803929545099
mlr3mbo,29,-1.03562618388888,0.080133958832645,2.78571428571429,0.113803929545099
mlr3mbo,30,-1.00976185426362,0.078452143666874,2.78571428571429,0.113803929545099
mlr3mbo,31,-0.990015029250663,0.0735909229038431,2.78571428571429,0.113803929545099
mlr3mbo,32,-0.981203766900409,0.0716956862227188,2.85714285714286,0.0970523172123939
mlr3mbo,33,-0.965597573093641,0.0713903903220907,2.85714285714286,0.0970523172123939
mlr3mbo,34,-0.944788829946403,0.0680358217286523,2.85714285714286,0.0970523172123939
mlr3mbo,35,-0.930817497226993,0.0676654353625116,2.85714285714286,0.0970523172123939
mlr3mbo,36,-0.91519423306008,0.0715206664669142,2.85714285714286,0.0970523172123939
mlr3mbo,37,-0.903266933967277,0.0713766928971814,2.85714285714286,0.0970523172123939
mlr3mbo,38,-0.894221235161573,0.072634244390052,2.85714285714286,0.0970523172123939
mlr3mbo,39,-0.878411589122969,0.0701111376611198,2.85714285714286,0.0970523172123939
mlr3mbo,40,-0.870601163882229,0.0703098176937652,2.85714285714286,0.0970523172123939
mlr3mbo,41,-0.840546454344504,0.0641465081659717,2.85714285714286,0.0970523172123939
mlr3mbo,42,-0.834018831202959,0.0628238607598002,2.85714285714286,0.0970523172123939
mlr3mbo,43,-0.82794638011856,0.0645201109466843,2.85714285714286,0.0970523172123939
mlr3mbo,44,-0.818569809655909,0.0651822646974269,2.85714285714286,0.0970523172123939
mlr3mbo,45,-0.81249773762444,0.0664561967994937,2.92857142857143,0.0714285714285714
mlr3mbo,46,-0.79951512040762,0.0666436919616813,2.85714285714286,0.0970523172123939
mlr3mbo,47,-0.783854585085036,0.0652359558253168,2.85714285714286,0.0970523172123939
mlr3mbo,48,-0.777288607387459,0.0658143275145534,2.85714285714286,0.0970523172123939
mlr3mbo,49,-0.770954386875421,0.0667371704183235,2.85714285714286,0.0970523172123939
mlr3mbo,50,-0.755253134550523,0.0661260538064598,2.78571428571429,0.113803929545099
mlr3mbo,51,-0.748877680039997,0.0669470201978565,2.85714285714286,0.0970523172123939
mlr3mbo,52,-0.743686537020023,0.0666883393239405,2.85714285714286,0.0970523172123939
mlr3mbo,53,-0.734286522058447,0.0645496310121934,2.85714285714286,0.0970523172123939
mlr3mbo,54,-0.724961168677337,0.0620817417820675,2.85714285714286,0.0970523172123939
mlr3mbo,55,-0.721273557322472,0.0614283230040648,2.85714285714286,0.0970523172123939
mlr3mbo,56,-0.711828416784726,0.0622075003643504,2.85714285714286,0.0970523172123939
mlr3mbo,57,-0.699570380910108,0.0615902594520607,2.85714285714286,0.0970523172123939
mlr3mbo,58,-0.694874962563441,0.0604654865315761,2.85714285714286,0.0970523172123939
mlr3mbo,59,-0.684057888989424,0.0614703537564493,2.85714285714286,0.0970523172123939
mlr3mbo,60,-0.679790859495072,0.0622973664291834,2.78571428571429,0.113803929545099
mlr3mbo,61,-0.667613618069749,0.0615951677685035,2.78571428571429,0.113803929545099
mlr3mbo,62,-0.650298301723904,0.061774711207585,2.78571428571429,0.113803929545099
mlr3mbo,63,-0.642520777518312,0.061327104258908,2.78571428571429,0.113803929545099
mlr3mbo,64,-0.63786061201825,0.0616930840743322,2.78571428571429,0.113803929545099
mlr3mbo,65,-0.632350970358776,0.0617322930758546,2.85714285714286,0.0970523172123939
mlr3mbo,66,-0.619630318289717,0.0626176257827455,2.78571428571429,0.113803929545099
mlr3mbo,67,-0.608397222173576,0.061899641929056,2.78571428571429,0.113803929545099
mlr3mbo,68,-0.600314260180851,0.0617540436773553,2.78571428571429,0.113803929545099
mlr3mbo,69,-0.590480134642619,0.063219576470134,2.78571428571429,0.113803929545099
mlr3mbo,70,-0.585870348131084,0.061877280684789,2.78571428571429,0.113803929545099
mlr3mbo,71,-0.580602476774321,0.0633613394448859,2.85714285714286,0.0970523172123939
mlr3mbo,72,-0.571162829283623,0.059467044119764,2.85714285714286,0.0970523172123939
mlr3mbo,73,-0.565697280788707,0.0594420055934146,2.85714285714286,0.0970523172123939
mlr3mbo,74,-0.557517293625078,0.0584934212050469,2.85714285714286,0.0970523172123939
mlr3mbo,75,-0.554496905539903,0.0581612050278055,2.85714285714286,0.0970523172123939
mlr3mbo,76,-0.551426783077508,0.0584993225131708,2.85714285714286,0.0970523172123939
mlr3mbo,77,-0.546740270032701,0.0583827644410476,2.85714285714286,0.0970523172123939
mlr3mbo,78,-0.52606306445618,0.0526891445592865,2.78571428571429,0.113803929545099
mlr3mbo,79,-0.52136825378859,0.0534280895979402,2.85714285714286,0.0970523172123939
mlr3mbo,80,-0.515706840424254,0.053139552537671,2.85714285714286,0.0970523172123939
mlr3mbo,81,-0.508856137749947,0.0504590809701568,2.85714285714286,0.0970523172123939
mlr3mbo,82,-0.507213535352365,0.0504806775348664,2.85714285714286,0.0970523172123939
mlr3mbo,83,-0.50284659412415,0.0495884456692628,2.85714285714286,0.0970523172123939
mlr3mbo,84,-0.492147401874361,0.0495106670374379,2.78571428571429,0.113803929545099
mlr3mbo,85,-0.486998454024796,0.050157816233168,2.78571428571429,0.113803929545099
mlr3mbo,86,-0.482830983574541,0.0497515225963966,2.78571428571429,0.113803929545099
mlr3mbo,87,-0.479930321413433,0.0487860848745317,2.85714285714286,0.0970523172123939
mlr3mbo,88,-0.476802869106474,0.0475566397901334,2.85714285714286,0.0970523172123939
mlr3mbo,89,-0.471085989370521,0.048251841056141,2.85714285714286,0.0970523172123939
mlr3mbo,90,-0.467703756480616,0.0482816307831179,2.85714285714286,0.0970523172123939
mlr3mbo,91,-0.458485413136055,0.0488368535310154,2.85714285714286,0.0970523172123939
mlr3mbo,92,-0.453925840270021,0.0472495539630289,2.85714285714286,0.0970523172123939
mlr3mbo,93,-0.447135784427777,0.0475972447397789,2.78571428571429,0.113803929545099
mlr3mbo,94,-0.443925509272412,0.0469611997706217,2.85714285714286,0.0970523172123939
mlr3mbo,95,-0.442735046195659,0.0466422444728839,2.85714285714286,0.0970523172123939
mlr3mbo,96,-0.434576424500356,0.0446692605469198,2.85714285714286,0.0970523172123939
mlr3mbo,97,-0.432754754273987,0.045321204544125,2.85714285714286,0.0970523172123939
mlr3mbo,98,-0.431822599658243,0.0453357551488734,2.85714285714286,0.0970523172123939
mlr3mbo,99,-0.428552543441635,0.0444677070771135,2.85714285714286,0.0970523172123939
mlr3mbo,100,-0.422078766534257,0.0457022513787122,2.85714285714286,0.0970523172123939
mlr3mbo,101,-0.316728491086984,0.0516452655282903,2.78571428571429,0.113803929545099
mlr3mbo,102,-0.233975749578126,0.0695555718445538,2.71428571428571,0.163363392827676
mlr3mbo,103,-0.187987172357549,0.0720540829787094,2.64285714285714,0.199095284966961
mlr3mbo,104,-0.187443580112316,0.0718503541220216,2.64285714285714,0.199095284966961
mlr3mbo,105,-0.126713621176078,0.0783137403253214,2.57142857142857,0.202030508910442
mlr3mbo,106,-0.0842552358420354,0.0758429638929766,2.57142857142857,0.202030508910442
mlr3mbo,107,-0.0258988057175378,0.0801518232545411,2.57142857142857,0.202030508910442
mlr3mbo,108,-0.0256451948103375,0.0801393563545841,2.57142857142857,0.202030508910442
mlr3mbo,109,0.0287110888810451,0.0817884996741329,2.5,0.228468383365844
mlr3mbo,110,0.0844230013355228,0.0897996889319161,2.5,0.228468383365844
mlr3mbo,111,0.117924327283313,0.0913540400973369,2.42857142857143,0.227607859090198
mlr3mbo,112,0.118712842267281,0.0911610328642402,2.42857142857143,0.227607859090198
mlr3mbo,113,0.155545467088327,0.0923742452200141,2.42857142857143,0.227607859090198
mlr3mbo,114,0.192515425444232,0.0950204029716207,2.42857142857143,0.227607859090198
mlr3mbo,115,0.217088726696781,0.096309030952537,2.5,0.228468383365844
mlr3mbo,116,0.218290159738063,0.0963602290052364,2.5,0.228468383365844
mlr3mbo,117,0.246444039323323,0.0964096717913169,2.35714285714286,0.225006540982893
mlr3mbo,118,0.277247796339364,0.098177618739065,2.35714285714286,0.225006540982893
mlr3mbo,119,0.300928283455167,0.0962013308597443,2.28571428571429,0.244242975504317
mlr3mbo,120,0.300928283455167,0.0962013308597443,2.28571428571429,0.244242975504317
mlr3mbo,121,0.330072550323925,0.0976288177752132,2.21428571428571,0.238552674132884
mlr3mbo,122,0.356811348298708,0.0961031776522081,2.21428571428571,0.238552674132884
mlr3mbo,123,0.371063146594138,0.0978665571347601,2.14285714285714,0.25370101935418
mlr3mbo,124,0.371849529751907,0.0977132940893242,2.14285714285714,0.25370101935418
mlr3mbo,125,0.394498696961031,0.100291098214089,2.14285714285714,0.25370101935418
mlr3mbo,126,0.40828333079631,0.099176352069035,2.14285714285714,0.25370101935418
mlr3mbo,127,0.417860848115978,0.0986119297112718,2.21428571428571,0.238552674132884
mlr3mbo,128,0.42029102501361,0.0971957964422318,2.21428571428571,0.238552674132884
mlr3mbo,129,0.43639298998109,0.0976207703108839,2.14285714285714,0.25370101935418
mlr3mbo,130,0.451469053916599,0.0974613770600246,2.14285714285714,0.25370101935418
mlr3mbo,131,0.466247482650471,0.0970631756138451,2.14285714285714,0.25370101935418
mlr3mbo,132,0.466247482650471,0.0970631756138451,2.14285714285714,0.25370101935418
mlr3mbo,133,0.478874164136964,0.0960133185592611,2.14285714285714,0.25370101935418
mlr3mbo,134,0.495800682297626,0.0960630570009638,2.14285714285714,0.25370101935418
mlr3mbo,135,0.506190265445615,0.0956389180883064,2.14285714285714,0.25370101935418
mlr3mbo,136,0.506190265445615,0.0956389180883064,2.14285714285714,0.25370101935418
mlr3mbo,137,0.515430323330673,0.0958734687497216,2.14285714285714,0.25370101935418
mlr3mbo,138,0.5258760345484,0.0966306363857673,2.14285714285714,0.25370101935418
mlr3mbo,139,0.537139663376184,0.0966723283134105,2.14285714285714,0.25370101935418
mlr3mbo,140,0.537139663376184,0.0966723283134105,2.14285714285714,0.25370101935418
mlr3mbo,141,0.552362913544141,0.0966964421656634,2.14285714285714,0.25370101935418
mlr3mbo,142,0.560142512128314,0.0962815280933578,2.07142857142857,0.26652599638758
mlr3mbo,143,0.568028897240516,0.0967049884314005,2.07142857142857,0.26652599638758
mlr3mbo,144,0.568492822991014,0.096799834390712,2.07142857142857,0.26652599638758
mlr3mbo,145,0.574917956514465,0.0966560331806436,2,0.256776295506548
mlr3mbo,146,0.582604285086409,0.097094646601392,2,0.256776295506548
mlr3mbo,147,0.586860490006529,0.0966549095260485,2,0.256776295506548
mlr3mbo,148,0.586860490006529,0.0966549095260485,2,0.256776295506548
mlr3mbo,149,0.591592266134923,0.0965889151166595,2,0.256776295506548
mlr3mbo,150,0.597851838587527,0.0959024112805702,2,0.256776295506548
mlr3mbo,151,0.603427656801879,0.0952608252187886,1.92857142857143,0.245045089241514
mlr3mbo,152,0.603845149639185,0.0949817523777044,1.92857142857143,0.245045089241514
mlr3mbo,153,0.609729405243864,0.0941718070673415,1.92857142857143,0.245045089241514
mlr3mbo,154,0.619641191292855,0.0939191895812377,1.92857142857143,0.245045089241514
mlr3mbo,155,0.628765903294131,0.0947278240593273,1.85714285714286,0.25370101935418
mlr3mbo,156,0.628765903294131,0.0947278240593273,1.85714285714286,0.25370101935418
mlr3mbo,157,0.635466479258325,0.0946530702833101,1.85714285714286,0.25370101935418
mlr3mbo,158,0.643106443306622,0.0948745785367149,1.85714285714286,0.25370101935418
mlr3mbo,159,0.647237176531942,0.0954913538823691,1.92857142857143,0.245045089241514
mlr3mbo,160,0.647492079404295,0.095319409025644,1.92857142857143,0.245045089241514
mlr3mbo,161,0.654978533084571,0.0944065705115643,1.92857142857143,0.245045089241514
mlr3mbo,162,0.659496206842419,0.094247511701084,1.92857142857143,0.245045089241514
mlr3mbo,163,0.668616067013592,0.0945936337346426,1.85714285714286,0.25370101935418
mlr3mbo,164,0.668629440138498,0.0945898195548836,1.85714285714286,0.25370101935418
mlr3mbo,165,0.673697282399816,0.0948516266713352,1.85714285714286,0.25370101935418
mlr3mbo,166,0.677204299948573,0.0948845204904725,1.85714285714286,0.25370101935418
mlr3mbo,167,0.679913450699406,0.0945142873447818,1.85714285714286,0.25370101935418
mlr3mbo,168,0.679913450699406,0.0945142873447818,1.85714285714286,0.25370101935418
mlr3mbo,169,0.684953689561886,0.0944845476874886,1.85714285714286,0.25370101935418
mlr3mbo,170,0.687264659802139,0.0942131874894409,1.85714285714286,0.25370101935418
mlr3mbo,171,0.691669606937632,0.0949102048770162,1.85714285714286,0.25370101935418
mlr3mbo,172,0.691927970501636,0.0947306639655636,1.85714285714286,0.25370101935418
mlr3mbo,173,0.695475993131627,0.0944393785914268,1.85714285714286,0.25370101935418
mlr3mbo,174,0.699646324553101,0.0938279521335997,1.78571428571429,0.260569356074272
mlr3mbo,175,0.70149910154475,0.0939339247803489,1.78571428571429,0.260569356074272
mlr3mbo,176,0.70149910154475,0.0939339247803489,1.78571428571429,0.260569356074272
mlr3mbo,177,0.704167716300244,0.0939608661271257,1.78571428571429,0.260569356074272
mlr3mbo,178,0.709131327259242,0.0931952707150643,1.78571428571429,0.260569356074272
mlr3mbo,179,0.712208982262494,0.0927714627839928,1.78571428571429,0.260569356074272
mlr3mbo,180,0.712571267101845,0.0928277732742763,1.78571428571429,0.260569356074272
mlr3mbo,181,0.719264274287157,0.0930731866735333,1.78571428571429,0.260569356074272
mlr3mbo,182,0.721225800716883,0.0929713370694996,1.78571428571429,0.260569356074272
mlr3mbo,183,0.723300513264683,0.0929308585544644,1.78571428571429,0.260569356074272
mlr3mbo,184,0.723300513264683,0.0929308585544644,1.78571428571429,0.260569356074272
mlr3mbo,185,0.726792639960156,0.0927989477480872,1.78571428571429,0.260569356074272
mlr3mbo,186,0.729342740036836,0.0926321672425313,1.78571428571429,0.260569356074272
mlr3mbo,187,0.733338190795732,0.0926871873135708,1.71428571428571,0.244242975504317
mlr3mbo,188,0.733338190795732,0.0926871873135708,1.71428571428571,0.244242975504317
mlr3mbo,189,0.735173900425159,0.0925861236485677,1.78571428571429,0.238552674132884
mlr3mbo,190,0.737822397145824,0.0926495918605392,1.78571428571429,0.238552674132884
mlr3mbo,191,0.739676989369736,0.0927380589270807,1.78571428571429,0.238552674132884
mlr3mbo,192,0.739676989369736,0.0927380589270807,1.78571428571429,0.238552674132884
mlr3mbo,193,0.741572967502009,0.0926174820983794,1.71428571428571,0.244242975504317
mlr3mbo,194,0.74454861799996,0.0923415363335332,1.78571428571429,0.238552674132884
mlr3mbo,195,0.748842046411742,0.091923476771699,1.78571428571429,0.238552674132884
mlr3mbo,196,0.748842046411742,0.091923476771699,1.78571428571429,0.238552674132884
mlr3mbo,197,0.751051398265604,0.0918499586241754,1.78571428571429,0.238552674132884
mlr3mbo,198,0.753214674736755,0.0920334609912281,1.78571428571429,0.238552674132884
mlr3mbo,199,0.755856863745449,0.0914573544522201,1.78571428571429,0.238552674132884
mlr3mbo,200,0.755856863745449,0.0914573544522201,1.78571428571429,0.238552674132884
mlr3mbo,201,0.759681340513286,0.0911465218463844,1.78571428571429,0.238552674132884
mlr3mbo,202,0.761405323643252,0.0909335828687858,1.78571428571429,0.238552674132884
mlr3mbo,203,0.764779739654183,0.0906006667512439,1.78571428571429,0.238552674132884
mlr3mbo,204,0.764779739654183,0.0906006667512439,1.78571428571429,0.238552674132884
mlr3mbo,205,0.76586919650931,0.0906580516300443,1.78571428571429,0.238552674132884
mlr3mbo,206,0.768298247342654,0.0907603629322919,1.78571428571429,0.238552674132884
mlr3mbo,207,0.770744318828869,0.090666023770439,1.78571428571429,0.238552674132884
mlr3mbo,208,0.770744318828869,0.090666023770439,1.78571428571429,0.238552674132884
mlr3mbo,209,0.772418977650148,0.0905250960660949,1.78571428571429,0.238552674132884
mlr3mbo,210,0.774229653503554,0.0901672239740749,1.78571428571429,0.238552674132884
mlr3mbo,211,0.775735113362892,0.0901432186597876,1.78571428571429,0.238552674132884
mlr3mbo,212,0.775735113362892,0.0901432186597876,1.78571428571429,0.238552674132884
mlr3mbo,213,0.777353993689319,0.0900541202261165,1.78571428571429,0.238552674132884
mlr3mbo,214,0.77848110546367,0.0899967095941997,1.78571428571429,0.238552674132884
mlr3mbo,215,0.779587372808464,0.0899974734815755,1.78571428571429,0.238552674132884
mlr3mbo,216,0.779587372808464,0.0899974734815755,1.78571428571429,0.238552674132884
mlr3mbo,217,0.781836087307998,0.0898375028176446,1.71428571428571,0.244242975504317
mlr3mbo,218,0.783684074229866,0.0891199470786789,1.71428571428571,0.244242975504317
mlr3mbo,219,0.784995084412011,0.0894173909079234,1.71428571428571,0.244242975504317
mlr3mbo,220,0.784995084412011,0.0894173909079234,1.71428571428571,0.244242975504317
mlr3mbo,221,0.789642628321909,0.08993677638175,1.71428571428571,0.244242975504317
mlr3mbo,222,0.792823918126565,0.0899563199341993,1.64285714285714,0.248227626331352
mlr3mbo,223,0.794051396781798,0.0896391124975605,1.64285714285714,0.248227626331352
mlr3mbo,224,0.794051396781798,0.0896391124975605,1.64285714285714,0.248227626331352
mlr3mbo,225,0.795854142825018,0.0895562248605677,1.64285714285714,0.248227626331352
mlr3mbo,226,0.797082951855209,0.0896466559500798,1.64285714285714,0.248227626331352
mlr3mbo,227,0.799052805296819,0.0896768350246891,1.64285714285714,0.248227626331352
mlr3mbo,228,0.799052805296819,0.0896768350246891,1.64285714285714,0.248227626331352
mlr3mbo,229,0.799944442587289,0.0897386120010942,1.64285714285714,0.248227626331352
mlr3mbo,230,0.800890739544585,0.0898380052917328,1.64285714285714,0.248227626331352
mlr3mbo,231,0.803371210461828,0.0895451786997849,1.64285714285714,0.248227626331352
mlr3mbo,232,0.803371210461828,0.0895451786997849,1.64285714285714,0.248227626331352
mlr3mbo,233,0.804436266534941,0.0896026753815041,1.64285714285714,0.248227626331352
mlr3mbo,234,0.805617520378844,0.0895272804248359,1.64285714285714,0.248227626331352
mlr3mbo,235,0.806090589032202,0.0893787923180189,1.64285714285714,0.248227626331352
mlr3mbo,236,0.806090589032202,0.0893787923180189,1.64285714285714,0.248227626331352
mlr3mbo,237,0.808087582355371,0.0893960669147939,1.64285714285714,0.248227626331352
mlr3mbo,238,0.809000204056878,0.0894622025872063,1.64285714285714,0.248227626331352
mlr3mbo,239,0.810678247579473,0.0895337274491821,1.64285714285714,0.248227626331352
mlr3mbo,240,0.810678247579473,0.0895337274491821,1.64285714285714,0.248227626331352
mlr3mbo,241,0.811637792786955,0.0892951620034049,1.64285714285714,0.248227626331352
mlr3mbo,242,0.813455998336817,0.0890879551777697,1.64285714285714,0.248227626331352
mlr3mbo,243,0.814728318735821,0.0887592918027071,1.64285714285714,0.248227626331352
mlr3mbo,244,0.814728318735821,0.0887592918027071,1.64285714285714,0.248227626331352
mlr3mbo,245,0.815358739952495,0.0884982014598998,1.64285714285714,0.248227626331352
mlr3mbo,246,0.81614493329085,0.088561990298458,1.64285714285714,0.248227626331352
mlr3mbo,247,0.817556236670054,0.0885612242501138,1.64285714285714,0.248227626331352
mlr3mbo,248,0.817556236670054,0.0885612242501138,1.64285714285714,0.248227626331352
mlr3mbo,249,0.818201317268384,0.0886078400318431,1.64285714285714,0.248227626331352
mlr3mbo,250,0.819563435509254,0.0882911257703319,1.64285714285714,0.248227626331352
mlr3mbo,251,0.820030868203772,0.0883297986929527,1.64285714285714,0.248227626331352
mlr3mbo,252,0.820030868203772,0.0883297986929527,1.64285714285714,0.248227626331352
mlr3mbo,253,0.821146476882774,0.0878744654369213,1.64285714285714,0.248227626331352
mlr3mbo,254,0.823247511284053,0.0880914597531567,1.57142857142857,0.227607859090198
mlr3mbo,255,0.824431612044242,0.0880563563900335,1.57142857142857,0.227607859090198
mlr3mbo,256,0.824431612044242,0.0880563563900335,1.57142857142857,0.227607859090198
mlr3mbo,257,0.825110950373929,0.0878835523489419,1.57142857142857,0.227607859090198
mlr3mbo,258,0.825957367239751,0.087678157977436,1.57142857142857,0.227607859090198
mlr3mbo,259,0.82662960815096,0.0876861020445342,1.57142857142857,0.227607859090198
mlr3mbo,260,0.82662960815096,0.0876861020445342,1.57142857142857,0.227607859090198
mlr3mbo,261,0.827511580222854,0.0876852017823327,1.57142857142857,0.227607859090198
mlr3mbo,262,0.827904400454973,0.0876508213623768,1.57142857142857,0.227607859090198
mlr3mbo,263,0.828248966429172,0.087643970419211,1.57142857142857,0.227607859090198
mlr3mbo,264,0.828248966429172,0.087643970419211,1.57142857142857,0.227607859090198
mlr3mbo,265,0.830765224304047,0.0873277786529999,1.57142857142857,0.227607859090198
mlr3mbo,266,0.8312587643167,0.0872311704343258,1.57142857142857,0.227607859090198
mlr3mbo,267,0.8313854807384,0.0872099651705979,1.57142857142857,0.227607859090198
mlr3mbo,268,0.8313854807384,0.0872099651705979,1.57142857142857,0.227607859090198
mlr3mbo,269,0.831788506438117,0.0872153200869883,1.57142857142857,0.227607859090198
mlr3mbo,270,0.832756007595467,0.0872429284346618,1.57142857142857,0.227607859090198
mlr3mbo,271,0.833062439329204,0.0871804262330874,1.57142857142857,0.227607859090198
mlr3mbo,272,0.833062439329204,0.0871804262330874,1.57142857142857,0.227607859090198
mlr3mbo,273,0.834093451208093,0.0871307938881125,1.57142857142857,0.227607859090198
mlr3mbo,274,0.835825483984187,0.0873684641189136,1.57142857142857,0.227607859090198
mlr3mbo,275,0.836160352379088,0.0873530026702711,1.57142857142857,0.227607859090198
mlr3mbo,276,0.836160352379088,0.0873530026702711,1.57142857142857,0.227607859090198
mlr3mbo,277,0.836466842209325,0.0873797419480338,1.57142857142857,0.227607859090198
mlr3mbo,278,0.837360560932194,0.0870140459813056,1.57142857142857,0.227607859090198
mlr3mbo,279,0.838597783591637,0.0868108722371547,1.57142857142857,0.227607859090198
mlr3mbo,280,0.838597783591637,0.0868108722371547,1.57142857142857,0.227607859090198
mlr3mbo,281,0.838980642105973,0.0867700656916132,1.57142857142857,0.227607859090198
mlr3mbo,282,0.839246532325218,0.0867154086966159,1.57142857142857,0.227607859090198
mlr3mbo,283,0.840497227889672,0.0865323188645774,1.57142857142857,0.227607859090198
mlr3mbo,284,0.840497227889672,0.0865323188645774,1.57142857142857,0.227607859090198
mlr3mbo,285,0.841157275026715,0.0864046194558964,1.57142857142857,0.227607859090198
mlr3mbo,286,0.842048076088913,0.0864793355513456,1.57142857142857,0.227607859090198
mlr3mbo,287,0.842399026210425,0.0864577673978077,1.57142857142857,0.227607859090198
mlr3mbo,288,0.842399026210425,0.0864577673978077,1.57142857142857,0.227607859090198
mlr3mbo,289,0.843313904923158,0.0863581455683136,1.57142857142857,0.227607859090198
mlr3mbo,290,0.843846092610318,0.086287810050724,1.57142857142857,0.227607859090198
mlr3mbo,291,0.844851945429949,0.0860977224680728,1.57142857142857,0.227607859090198
mlr3mbo,292,0.84550231516485,0.0861176866224939,1.57142857142857,0.227607859090198
mlr3mbo,293,0.845951283462055,0.0861414266751113,1.57142857142857,0.227607859090198
mlr3mbo,294,0.846275726835819,0.0861625618923252,1.57142857142857,0.227607859090198
mlr3mbo,295,0.847115324335399,0.0862378957809468,1.57142857142857,0.227607859090198
mlr3mbo,296,0.848112399634004,0.0855127344089718,1.57142857142857,0.227607859090198
mlr3mbo,297,0.849546732749648,0.0855185996607441,1.57142857142857,0.227607859090198
mlr3mbo,298,0.850193986982214,0.0855557620728436,1.57142857142857,0.227607859090198
mlr3mbo,299,0.850745528048275,0.0854189314550555,1.57142857142857,0.227607859090198
mlr3mbo,300,0.851321191172041,0.0850027417839759,1.57142857142857,0.227607859090198
mlr3mbo,301,0.851914575236019,0.08486060412849,1.57142857142857,0.227607859090198
mlr3mbo,302,0.852103895643889,0.0848670146913563,1.57142857142857,0.227607859090198
mlr3mbo,303,0.853014833906383,0.0849874554942469,1.57142857142857,0.227607859090198
mlr3mbo,304,0.853014833906383,0.0849874554942469,1.57142857142857,0.227607859090198
mlr3mbo,305,0.853658610810701,0.0849071794206015,1.57142857142857,0.227607859090198
mlr3mbo,306,0.855575233049655,0.0850423260072444,1.57142857142857,0.227607859090198
mlr3mbo,307,0.856686008091393,0.0846642616253539,1.57142857142857,0.227607859090198
mlr3mbo,308,0.856686008091393,0.0846642616253539,1.57142857142857,0.227607859090198
mlr3mbo,309,0.857931657077777,0.0846824628703605,1.57142857142857,0.227607859090198
mlr3mbo,310,0.858156267566115,0.0846931776152261,1.57142857142857,0.227607859090198
mlr3mbo,311,0.858226110424333,0.0847011331069201,1.57142857142857,0.227607859090198
mlr3mbo,312,0.858226110424333,0.0847011331069201,1.57142857142857,0.227607859090198
mlr3mbo,313,0.858750349793096,0.0845299598582135,1.57142857142857,0.227607859090198
mlr3mbo,314,0.859292598350891,0.0844841786146854,1.57142857142857,0.227607859090198
mlr3mbo,315,0.86004145166371,0.0843194325840348,1.57142857142857,0.227607859090198
mlr3mbo,316,0.86004145166371,0.0843194325840348,1.57142857142857,0.227607859090198
mlr3mbo,317,0.860144563094391,0.0843311668982936,1.57142857142857,0.227607859090198
mlr3mbo,318,0.860588715536615,0.0840555234278522,1.57142857142857,0.227607859090198
mlr3mbo,319,0.86095553367983,0.0840216054167077,1.57142857142857,0.227607859090198
mlr3mbo,320,0.86095553367983,0.0840216054167077,1.57142857142857,0.227607859090198
mlr3mbo,321,0.861034402967411,0.0840327110921218,1.57142857142857,0.227607859090198
mlr3mbo,322,0.861741026575703,0.0840478379184534,1.57142857142857,0.227607859090198
mlr3mbo,323,0.86208414968423,0.0839929456382097,1.57142857142857,0.227607859090198
mlr3mbo,324,0.86208414968423,0.0839929456382097,1.57142857142857,0.227607859090198
mlr3mbo,325,0.862523098504228,0.0839716899140298,1.57142857142857,0.227607859090198
mlr3mbo,326,0.86295674415218,0.0840007676630043,1.57142857142857,0.227607859090198
mlr3mbo,327,0.863558221917894,0.0836372638477947,1.57142857142857,0.227607859090198
mlr3mbo,328,0.863558221917894,0.0836372638477947,1.57142857142857,0.227607859090198
mlr3mbo,329,0.863776792378412,0.0836512708837491,1.57142857142857,0.227607859090198
mlr3mbo,330,0.864746304222111,0.0834887533175066,1.57142857142857,0.227607859090198
mlr3mbo,331,0.865438791653283,0.0835349034271863,1.57142857142857,0.227607859090198
mlr3mbo,332,0.866139976726897,0.0831968832951312,1.57142857142857,0.227607859090198
mlr3mbo,333,0.866968249392133,0.0832840480687488,1.57142857142857,0.227607859090198
mlr3mbo,334,0.868313449372181,0.0828740796273867,1.57142857142857,0.227607859090198
mlr3mbo,335,0.868908740423747,0.0827760544262079,1.57142857142857,0.227607859090198
mlr3mbo,336,0.868908740423747,0.0827760544262079,1.57142857142857,0.227607859090198
mlr3mbo,337,0.869379595191185,0.0827991865036102,1.57142857142857,0.227607859090198
mlr3mbo,338,0.870035825091342,0.0828951981355944,1.57142857142857,0.227607859090198
mlr3mbo,339,0.871116337879136,0.0827689272752425,1.57142857142857,0.227607859090198
mlr3mbo,340,0.871116337879136,0.0827689272752425,1.57142857142857,0.227607859090198
mlr3mbo,341,0.871199720997095,0.0827414442962089,1.57142857142857,0.227607859090198
mlr3mbo,342,0.871473594003593,0.0827640348361632,1.57142857142857,0.227607859090198
mlr3mbo,343,0.872327935900116,0.0825732449873037,1.57142857142857,0.227607859090198
mlr3mbo,344,0.872327935900116,0.0825732449873037,1.57142857142857,0.227607859090198
mlr3mbo,345,0.872818660776833,0.082416278574533,1.57142857142857,0.227607859090198
mlr3mbo,346,0.873144330234808,0.0824278252228608,1.57142857142857,0.227607859090198
mlr3mbo,347,0.87350913727634,0.0824035114238272,1.57142857142857,0.227607859090198
mlr3mbo,348,0.87350913727634,0.0824035114238272,1.57142857142857,0.227607859090198
mlr3mbo,349,0.873650513846533,0.0824010493711187,1.57142857142857,0.227607859090198
mlr3mbo,350,0.874192152035784,0.0824583043602236,1.57142857142857,0.227607859090198
mlr3mbo,351,0.874308202790727,0.0824503178052734,1.57142857142857,0.227607859090198
mlr3mbo,352,0.874308202790727,0.0824503178052734,1.57142857142857,0.227607859090198
mlr3mbo,353,0.874822050415765,0.0824365930518724,1.57142857142857,0.227607859090198
mlr3mbo,354,0.874980064261177,0.0824138797750925,1.57142857142857,0.227607859090198
mlr3mbo,355,0.875104840295148,0.0824064477021973,1.57142857142857,0.227607859090198
mlr3mbo,356,0.875104840295148,0.0824064477021973,1.57142857142857,0.227607859090198
mlr3mbo,357,0.875199899747237,0.082401660897569,1.57142857142857,0.227607859090198
mlr3mbo,358,0.875470664480499,0.0823903290334109,1.57142857142857,0.227607859090198
mlr3mbo,359,0.876261332097924,0.0821671922132534,1.57142857142857,0.227607859090198
mlr3mbo,360,0.876261332097924,0.0821671922132534,1.57142857142857,0.227607859090198
mlr3mbo,361,0.876563270299906,0.0821030430262161,1.57142857142857,0.227607859090198
mlr3mbo,362,0.876772355633476,0.0821157999194428,1.57142857142857,0.227607859090198
mlr3mbo,363,0.877456733997106,0.0820701530551346,1.57142857142857,0.227607859090198
mlr3mbo,364,0.877456733997106,0.0820701530551346,1.57142857142857,0.227607859090198
mlr3mbo,365,0.877604856213335,0.0820802434278127,1.57142857142857,0.227607859090198
mlr3mbo,366,0.877935031867681,0.0819391253133932,1.57142857142857,0.227607859090198
mlr3mbo,367,0.878619983542801,0.0819183152134855,1.57142857142857,0.227607859090198
mlr3mbo,368,0.878619983542801,0.0819183152134855,1.57142857142857,0.227607859090198
mlr3mbo,369,0.878964873851667,0.081826191685269,1.57142857142857,0.227607859090198
mlr3mbo,370,0.87927585651787,0.0817742192668618,1.57142857142857,0.227607859090198
mlr3mbo,371,0.879573174799812,0.0817601357940641,1.57142857142857,0.227607859090198
mlr3mbo,372,0.879573174799812,0.0817601357940641,1.57142857142857,0.227607859090198
mlr3mbo,373,0.880491475908025,0.0816673286672324,1.57142857142857,0.227607859090198
mlr3mbo,374,0.880785365983482,0.0816810586035464,1.57142857142857,0.227607859090198
mlr3mbo,375,0.881017590758908,0.0816777910686664,1.57142857142857,0.227607859090198
mlr3mbo,376,0.881017590758908,0.0816777910686664,1.57142857142857,0.227607859090198
mlr3mbo,377,0.881261954480481,0.0817343735500784,1.57142857142857,0.227607859090198
mlr3mbo,378,0.881403307031252,0.0817109010238948,1.57142857142857,0.227607859090198
mlr3mbo,379,0.881934962074347,0.0816699382900275,1.57142857142857,0.227607859090198
mlr3mbo,380,0.881934962074347,0.0816699382900275,1.57142857142857,0.227607859090198
mlr3mbo,381,0.882281189468913,0.0816441370619666,1.57142857142857,0.227607859090198
mlr3mbo,382,0.88286961281664,0.0816645985800822,1.57142857142857,0.227607859090198
mlr3mbo,383,0.883039988184491,0.0815894966089595,1.57142857142857,0.227607859090198
mlr3mbo,384,0.883039988184491,0.0815894966089595,1.57142857142857,0.227607859090198
mlr3mbo,385,0.883393517765159,0.0815438586452456,1.57142857142857,0.227607859090198
mlr3mbo,386,0.883855136632355,0.081394653927132,1.57142857142857,0.227607859090198
mlr3mbo,387,0.884186730895844,0.0813223368712808,1.57142857142857,0.227607859090198
mlr3mbo,388,0.884186730895844,0.0813223368712808,1.57142857142857,0.227607859090198
mlr3mbo,389,0.884735523687241,0.0811854718034279,1.57142857142857,0.227607859090198
mlr3mbo,390,0.884973601553208,0.0811944450421893,1.57142857142857,0.227607859090198
mlr3mbo,391,0.885673335356047,0.0808986295557401,1.57142857142857,0.227607859090198
mlr3mbo,392,0.885673335356047,0.0808986295557401,1.57142857142857,0.227607859090198
mlr3mbo,393,0.886027198999004,0.0808143121341027,1.57142857142857,0.227607859090198
mlr3mbo,394,0.886121166728391,0.0808173417166394,1.57142857142857,0.227607859090198
mlr3mbo,395,0.886233762177476,0.0808305293587191,1.57142857142857,0.227607859090198
mlr3mbo,396,0.887119594297136,0.0808359636736295,1.57142857142857,0.227607859090198
mlr3mbo,397,0.887689879702101,0.0808073615312487,1.57142857142857,0.227607859090198
mlr3mbo,398,0.888184575801861,0.080838005551284,1.57142857142857,0.227607859090198
mlr3mbo,399,0.888615032145172,0.0808827324665265,1.57142857142857,0.227607859090198
mlr3mbo,400,0.888615032145172,0.0808827324665265,1.57142857142857,0.227607859090198
