config_id,acc,alpha,booster,lambda,nrounds,num.impute.selected.cpo,subsample,colsample_bylevel,colsample_bytree,eta,gamma,max_depth,min_child_weight,rate_drop,skip_drop,repl,trainsize
1,-0.8675962686538696,0.0507839509279,dart,0.0019095096506,9,impute.median,0.8503118459135,0.0442538053542,0.6800216739718,0.0068723830047,0.3408572533185,8.0,12.0375337016016,0.9202914051712,0.951748133637,10,1.0
2,-0.09911052882671356,1010.995067922611,gblinear,69.997244856524,2024,impute.mean,0.3833111376502,,,,,,,,,10,1.0
3,-0.09022274613380432,1.3614814825807,gbtree,0.2038405978987,97,impute.mean,0.2810869938694,0.3438869569171,0.127577313371,0.2542865112562,0.0060953134095,9.0,57.0837678657971,,,10,1.0
4,-0.9713985919952393,0.0145514844734,gblinear,6.6991212179935,183,impute.hist,0.7414954962209,,,,,,,,,10,1.0
5,-0.8644396662712097,0.0009229376496,dart,322.8403181985616,337,impute.hist,0.9186214113608,0.4704930274747,0.1477961402852,0.911401958115,0.0001200685445,11.0,3.662913274789,0.7482402352616,0.286300224252,10,1.0
6,-0.09766612946987152,20.4972426640954,gbtree,0.0088522515252,37,impute.mean,0.4836450382136,0.7523223444726,0.9518168895412,0.0010676564163,0.0204623793205,3.0,137.86214069956,,,10,1.0
7,-0.09276343882083893,64.2343983759019,dart,1.4500467214381,763,impute.median,0.1499380924739,0.170950522339,0.5688788582385,0.0247108461946,0.4117317148709,5.0,25.3721371222542,0.802104008384,0.2005689060315,10,1.0
8,-0.9232819080352783,0.7658867676137,gblinear,0.0440464692528,16,impute.hist,0.5915075834841,,,,,,,,,10,1.0
9,-0.9715042114257812,0.2856095010393,gbtree,3.6870774374233,50,impute.median,0.6931292134337,0.4420449324325,0.219155646693,0.4233515777212,1.8229798916139,12.0,9.0210464049924,,,10,1.0
10,-0.10272188484668732,171.6975716710004,gblinear,0.1118251445656,523,impute.median,0.2592505326495,,,,,,,,,10,1.0
11,-0.0996541753411293,7.6437912108488,dart,735.9232412223406,26,impute.hist,0.3754277423024,0.2003029831592,0.5250740069058,0.0142873354841,0.0005441925272,4.0,71.3794125077226,0.4458863511682,0.3308268105611,10,1.0
12,-0.982761025428772,0.0024670278541,gblinear,0.0201435158858,1051,impute.mean,0.8158977706917,,,,,,,,,10,1.0
13,-0.9514878392219543,0.0054449426719,dart,0.5183936040105,2597,impute.mean,0.6238333997317,0.0735780674405,0.7252848711796,0.0095340278427,0.0013753883533,1.0,2.7571868177182,0.3317124927416,0.5792950997129,10,1.0
14,-0.828804612159729,3.6516241230715,gblinear,17.0050211616329,15,impute.hist,0.1596900202334,,,,,,,,,10,1.0
15,-0.09602897614240646,378.3147663746168,gbtree,0.0043525563362,305,impute.hist,0.507568041794,0.3154710731935,0.0557281462383,0.2835354303767,0.0751358756227,14.0,31.6189798734395,,,10,1.0
16,-0.8946570754051208,0.1362131854267,gbtree,159.2887872384789,127,impute.median,0.96512087835,0.5285973891057,0.8606707278173,0.0027765214182,6.92108868e-05,7.0,17.0082400203594,,,10,1.0
17,-0.8932708501815796,0.1099662614148,dart,0.1377317679531,843,impute.hist,0.2011780629866,0.8008104141336,0.0346442744788,0.0017129990025,0.0326885931063,6.0,4.2794954242406,0.3769821971655,0.2673451062292,10,1.0
18,-0.09045536071062088,197.3606331404143,gbtree,4.5180490301221,22,impute.mean,0.6387362299487,0.0277878672071,0.8393430620339,0.6166112439653,0.0001588980461,15.0,125.6701416035858,,,10,1.0
19,-0.9512102007865906,4.5039459700985,dart,0.0164031221835,441,impute.mean,0.9794812820852,0.5782821568288,0.7118050170504,0.0511123926516,0.0031602909034,9.0,20.3734295226973,0.0717160683125,0.2436863146722,10,1.0
20,-0.9174240827560425,0.010410597304,gblinear,600.2995937060842,40,impute.median,0.5493925106712,,,,,,,,,10,1.0
21,-0.9398664832115173,0.0047289988218,dart,32.4404396304916,74,impute.median,0.2175771241076,0.7049787484203,0.5387869671267,0.0771033937264,0.000278973447,10.0,9.6600720028812,0.2054059794173,0.9946216437966,10,1.0
22,-0.6029963493347168,9.4682904931278,gblinear,0.9838857380487,170,impute.median,0.6784804135561,,,,,,,,,10,1.0
23,-0.3065381348133087,89.8018286513484,gbtree,83.7499860931981,8,impute.mean,0.8018051838502,0.9274163740501,0.2404878635146,0.0026112823385,3.5546946365546,5.0,66.6521737222534,,,10,1.0
24,-0.9672590494155884,0.2315625484676,gblinear,0.0022923808698,1513,impute.hist,0.3334315869026,,,,,,,,,10,1.0
25,-0.9522684812545776,0.6183085324508,dart,36.6929430676667,229,impute.mean,0.4414257179946,0.6717274567392,0.617282272689,0.1657242979037,0.7834453265479,13.0,3.4341030254768,0.5464835111052,0.5994709227234,10,1.0
26,-0.09731487184762955,33.5101201329855,gblinear,0.0010061187684,115,impute.hist,0.9047451161779,,,,,,,,,10,1.0
27,-0.8816119432449341,25.2814619870915,dart,12.7417922026543,2401,impute.median,0.5779539882205,0.9596386737935,0.1885804161523,0.0045081847041,6.29406478e-05,3.0,27.0665502380516,0.9735762961209,0.8882512003183,10,1.0
28,-0.5283266305923462,0.00176462981,gbtree,0.3870427162987,11,impute.mean,0.1071626195684,0.2477056025621,0.9923578434531,0.1895543436663,0.0389609108904,11.0,18.6559089943887,,,10,1.0
29,-0.9073135852813721,0.0278934408437,gbtree,0.0071870078198,28,impute.median,0.4257982211187,0.8330647039134,0.0870281498879,0.0012325353223,0.01432087477,3.0,7.7250596373658,,,10,1.0
30,-0.921756386756897,1.6864497670753,gbtree,263.4550217695672,1369,impute.hist,0.8640165082179,0.1190469677001,0.767011910826,0.688600514236,2.9118886278494,8.0,39.0422200772197,,,10,1.0
31,-0.09785576164722443,528.7744068469406,dart,0.054088858757,67,impute.hist,0.7548636720516,0.5450024156272,0.6318683748413,0.0457663892963,0.1447023183713,14.0,88.9364863510395,0.6764040244743,0.3497821651399,10,1.0
32,-0.9707558751106262,0.0411740173014,gblinear,1.7776067663891,579,impute.mean,0.3241165507585,,,,,,,,,10,1.0
33,-0.10105258226394653,0.0316172247069,gbtree,947.3546852298682,1665,impute.median,0.1149055585265,0.5916547766607,0.2980550376046,0.5385927468732,0.2246528190554,3.0,109.9683757698108,,,10,1.0
34,-0.09393283724784851,701.578202034146,gbtree,0.0263354124528,7,impute.median,0.5562552978285,0.3756885041483,0.6068626625556,0.0014125496533,0.0002408161109,11.0,2.9217958572521,,,10,1.0
35,-0.8769914507865906,2.0298405319046,dart,2.7105410747291,154,impute.mean,0.8974316525273,0.7869036189653,0.9742871729285,0.0181763833845,0.0048455719722,12.0,15.9331403537609,0.8372822431847,0.3682829551399,10,1.0
36,-0.9751614928245544,0.024181729677,gblinear,0.0812213020898,82,impute.hist,0.4626749774441,,,,,,,,,10,1.0
37,-0.6687725186347961,0.0015272447853,dart,0.0036678879033,44,impute.hist,0.3023042453453,0.9134774726722,0.7703771813307,0.0113133437365,0.0001997149165,13.0,33.5768980528452,0.9397987443954,0.6200326327235,10,1.0
38,-0.10035630315542221,30.378039241295,gblinear,132.6213988848679,400,impute.mean,0.7624929959886,,,,,,,,,10,1.0
39,-0.9112417697906494,44.2326610066479,dart,0.582190343202,20,impute.mean,0.8853718725033,0.7183796979114,0.4730066775903,0.3364486704022,0.5677859750538,2.0,7.0507673790507,0.5089832954109,0.8932031393051,10,1.0
40,-0.14838293194770813,0.4723543177008,gbtree,19.3957822638127,928,impute.median,0.418590862304,0.5041959516052,0.6580206361786,0.0022767445306,0.0040155989722,9.0,76.1783544455271,,,10,1.0
41,-0.09371183067560196,0.1763023794213,dart,0.2555214076323,635,impute.median,0.5285655415617,0.942163494071,0.8188929324783,0.0052584923606,2.5147330269251,9.0,146.5547980631458,0.3120964234695,0.9739245418459,10,1.0
42,-0.09951703250408173,118.1352394443399,gblinear,8.4977690220451,61,impute.hist,0.9863381298259,,,,,,,,,10,1.0
43,-0.9841059446334839,0.0133168158246,gbtree,0.0084247198512,902,impute.hist,0.4319416054018,0.3236677609472,0.1523291562694,0.0201406581769,0.1493550865857,15.0,3.7576276965577,,,10,1.0
44,-0.9800300002098083,0.0015716348697,gblinear,0.3711174408662,948,impute.mean,0.8460672027454,,,,,,,,,10,1.0
45,-0.9827104210853577,0.0012364134055,gblinear,0.0871832525562,1236,impute.mean,0.9503556282479,,,,,,,,,10,1.0
46,-0.9838882088661194,0.0010106401109,gblinear,0.0133171505814,959,impute.mean,0.9277163327494,,,,,,,,,10,1.0
47,-0.9834210872650146,0.0013352322046,gblinear,0.0274549125044,1051,impute.mean,0.92260183,,,,,,,,,10,1.0
48,-0.9836686849594116,0.0016028990756,gblinear,0.0082414024108,1057,impute.mean,0.8847378985427,,,,,,,,,10,1.0
49,-0.9837456345558167,0.0017601286701,gblinear,0.0023255774752,991,impute.mean,0.9672168364157,,,,,,,,,10,1.0
50,-0.9625714421272278,0.0028903214037,gblinear,25.8559735715192,1147,impute.mean,0.8406865725565,,,,,,,,,10,1.0
51,-0.9821688532829285,0.0017710352629,gbtree,0.0154344938173,623,impute.hist,0.9994548929894,0.4790730793579,0.6410760337744,0.0648525134572,0.3522077693659,15.0,5.2685228655161,,,10,1.0
52,-0.9654858708381653,0.0017794943948,gbtree,0.0133171505814,959,impute.hist,0.9277163327494,0.5668046442477,0.544350385933,0.0181112509376,0.0183156389,13.0,36.8396231667629,,,10,1.0
53,-0.9600393176078796,0.0017487034055,gbtree,0.0083968180985,848,impute.hist,0.9364961852317,0.8800850034906,0.1750510781468,0.0241949646026,0.7149308416361,10.0,49.9691068294076,,,10,1.0
54,-0.9714338183403015,0.0017601286701,gbtree,0.0162892412647,991,impute.hist,0.9330415390915,0.505,0.4120836900379,0.0283232884047,0.0642871519505,9.0,31.4155171772304,,,10,1.0
55,-0.9522684812545776,0.0178207719161,gbtree,0.0092648262682,534,impute.hist,0.8884335716863,0.3454588587561,0.9989192095601,0.002639593308,0.5786538155181,15.0,16.2148841920141,,,10,1.0
56,-0.9722104668617249,0.0017529885756,gbtree,0.0144138127243,881,impute.mean,0.9001756009422,0.4962359113491,0.505,0.0438069190167,0.3263882503649,13.0,24.4349007968536,,,10,1.0
57,-0.9627569317817688,0.0017533572089,gbtree,0.0109606665986,576,impute.mean,0.9999421489702,0.2982999609369,0.7962037483524,0.0034293476803,0.0032943368313,7.0,4.6659596325939,,,10,1.0
58,-0.16136518120765686,0.0017777319239,gbtree,0.0125325168032,1037,impute.mean,0.7066332094175,0.0584339684037,0.7336504689859,0.0092204045913,0.8371972392792,7.0,128.3696435545879,,,10,1.0
59,-0.9837812781333923,0.0017300889758,gbtree,0.0021221299115,907,impute.hist,0.4699224317025,0.1520287219653,0.1182890490223,0.0185170820488,0.0021641381023,14.0,3.0427913572715,,,10,1.0
60,-0.9702690243721008,0.0467191321101,gblinear,0.0013883067435,46,impute.mean,0.1164326706986,,,,,,,,,10,1.0
61,-0.9775469899177551,0.0018022355007,gbtree,0.0020302344837,893,impute.hist,0.6091173798061,0.3762469625959,0.1569665470255,0.5780182874897,0.000186626322,14.0,3.5296182646739,,,10,1.0
62,-0.952368438243866,0.0017851697655,gbtree,0.003158304684,932,impute.hist,0.4850572511792,0.6053470002747,0.0823880926634,0.9202027356518,0.1644628910417,15.0,2.8591294859608,,,10,1.0
63,-0.9838281869888306,0.0019869775359,gbtree,0.0014005469797,945,impute.hist,0.2964856042361,0.5558230362928,0.1617647791556,0.0241653392384,0.6951578896727,14.0,4.175227278454,,,10,1.0
64,-0.9794899225234985,0.0104095030722,gbtree,0.0084247198512,902,impute.hist,0.267190634819,0.325709393609,0.0679023604732,0.0201406581769,0.1493550865857,15.0,3.0842753591134,,,10,1.0
65,-0.9287501573562622,0.0053763559706,dart,0.0026765759785,1029,impute.mean,0.604563480233,0.3103280147767,0.7118260358419,0.0064500525329,0.7230501284271,2.0,8.2154301144015,0.6085164267627,0.5751661200119,10,1.0
66,-0.9852647185325623,0.0015423388229,gbtree,0.0033042657252,911,impute.hist,0.5935446493651,0.5153187169266,0.1538693561923,0.0471903623549,0.000456206965,12.0,4.0014886503002,,,10,1.0
67,-0.9662854075431824,0.0012401724122,dart,0.0013446297133,902,impute.hist,0.2555655646227,0.214954154594,0.1448229227785,0.0563995063542,0.1493550865857,14.0,3.6377673096559,0.4565387407925,0.6395847613807,10,1.0
68,-0.9605796933174133,0.0012167095298,dart,0.003593666565,911,impute.mean,0.5935446493651,0.5231965689965,0.1538693561923,0.0639768013029,0.000456206965,14.0,4.0014886503002,0.4945267737642,0.5,10,1.0
69,-0.9553393721580505,0.0009796410369,dart,0.0055536913657,862,impute.hist,0.3212590798403,0.530125578938,0.1419500667815,0.0469109528694,1.1023095271094,14.0,4.175227278454,0.5,0.495239316129,10,1.0
70,-0.9640579223632812,0.0013221801795,dart,0.0042693570431,907,impute.hist,0.4926979826812,0.1346193675757,0.209272080264,0.056894602345,0.0021641381023,14.0,2.8082239122303,0.5,0.4833382195396,10,1.0
71,-0.971704363822937,0.0011312070731,gbtree,0.0012854237121,899,impute.mean,0.9344450713885,0.505,0.6457298903867,0.0301973834,0.0409523949933,8.0,20.0855369232,,,10,1.0
72,-0.9566704630851746,0.0010399903416,dart,0.0012131494417,799,impute.mean,0.92957492384,0.413326938194,0.1835507174418,0.0027996338233,0.0002471110638,14.0,4.0787191484607,0.119193894149,0.5000995712212,10,1.0
73,-0.9703708291053772,0.0010713916518,gbtree,0.0012333331659,700,impute.hist,0.3909649372647,0.4314552603971,0.533458469804,0.0301973834,0.0168233649743,3.0,20.0855369232,,,10,1.0
74,-0.9536026120185852,0.0010208591941,dart,0.0026312604115,698,impute.median,0.9268438916899,0.5305182562096,0.4395824726698,0.0304711364083,0.0101768673779,14.0,20.0855369232,0.5,0.4488112504784,10,1.0
75,-0.9733125567436218,0.0014225361822,gbtree,46.5511125249463,1004,impute.mean,0.8920551923347,0.0956417091368,0.1574127546741,0.0305356283854,8.78233133e-05,8.0,3.8174824850373,,,10,1.0
76,-0.09683384001255035,0.0089340131723,dart,15.4733067628104,295,impute.median,0.4592164105084,0.6772297499724,0.0289961545858,0.6595209087103,0.0010316385886,7.0,104.5519143935617,0.7099014236949,0.9588653096492,10,1.0
77,-0.9841960668563843,0.0015423388229,gbtree,0.0033061468864,911,impute.mean,0.5807220626053,0.5153187169266,0.1618960942727,0.0507139417807,0.0004052674614,12.0,3.8874653725641,,,10,1.0
78,-0.98182612657547,0.0014890354352,gbtree,0.00400033334,1009,impute.median,0.4661603524406,0.6445301138686,0.8460313194575,0.0265019240086,0.0051522555649,2.0,3.8395513132466,,,10,1.0
79,-0.983023464679718,0.0013876149637,gbtree,0.0052478745513,999,impute.hist,0.8717882526579,0.9032780442074,0.7429818852174,0.025034697299,0.0004989323993,4.0,2.7964276522305,,,10,1.0
80,-0.9848288893699646,0.0015432198931,gbtree,0.0024349324702,907,impute.mean,0.4295320415573,0.1322682507875,0.1585316807889,0.044835060779,0.0024956719563,12.0,3.2400667028122,,,10,1.0
81,-0.942314863204956,0.0011997342659,gbtree,357.701763174459,2635,impute.mean,0.9091282550577,0.3019662927411,0.1823990351841,0.2988487326132,2.7067398596071,7.0,3.0811696361285,,,10,1.0
82,-0.9547528028488159,0.0015429155722,gbtree,0.3206213274478,902,impute.mean,0.9084677863537,0.776419986806,0.8710634339796,0.0021165950653,6.7924646089163,6.0,2.9253997585377,,,10,1.0
83,-0.12780751287937164,0.172316602256,dart,166.8638187868424,8,impute.hist,0.5175615838882,0.495654445434,0.333122979568,0.6326412532807,6.3814591430475,3.0,82.6954831028267,0.9392616759925,0.4102271695562,10,1.0
84,-0.09734940528869629,196.7620324800502,dart,6.0235996060854,154,impute.mean,0.1917493022079,0.2232687146987,0.5737908693918,0.0144712049369,0.0008107511318,4.0,4.4615033962985,0.4839681090495,0.1107381777925,10,1.0
85,-0.9718600511550903,0.1176117709563,dart,4.961699117177,1575,impute.mean,0.8277967541536,0.9762179386997,0.4663384953572,0.0995883462013,0.0002992677945,15.0,4.2864848664605,0.2448133563605,0.5152134823514,10,1.0
86,-0.9856707453727722,0.0015423388229,gbtree,0.0013361077281,911,impute.hist,0.4729381537124,0.5681618650003,0.1370360380227,0.065037387559,0.0010418109739,7.0,3.9889340170062,,,10,1.0
87,-0.9822269678115845,0.0015432198931,gbtree,0.0021549370249,907,impute.hist,0.434580525294,0.0760364275004,0.0614586644902,0.0510664594238,0.0010448565079,7.0,4.1157460391093,,,10,1.0
88,-0.9851332306861877,0.0015423388229,gbtree,0.0032063062909,911,impute.hist,0.4704330890435,0.4975189874836,0.1071277357763,0.0679944529879,0.0009520167836,6.0,4.0014886503002,,,10,1.0
89,-0.09401798248291016,633.134022136493,gbtree,0.0043344590664,15,impute.hist,0.633399114278,0.6554187844609,0.3285522905015,0.0551957448797,0.0086353550815,2.0,80.2419804393879,,,10,1.0
90,-0.9714319109916687,0.0016735532749,gbtree,0.0018786646258,1012,impute.hist,0.1213954987317,0.0172636173508,0.1078159456887,0.0768091135836,0.0004753503256,6.0,6.2041523540702,,,10,1.0
91,-0.9810211658477783,0.0012087794206,gbtree,0.0012270690747,494,impute.mean,0.6340259744037,0.6735269182809,0.1409031622711,0.0688633920954,0.0012921293324,4.0,3.9863160632436,,,10,1.0
92,-0.9871345162391663,0.0009310667461,gbtree,0.0010247993083,911,impute.median,0.3655896671159,0.6005225552081,0.1370360380227,0.065037387559,0.0011124398134,10.0,3.9889340170062,,,10,1.0
93,-0.7053494453430176,108.0194971392049,gbtree,0.0018774151622,17,impute.median,0.978461974107,0.2697625805112,0.4860289348749,0.1122310730859,0.0019868255675,4.0,53.9963881887182,,,10,1.0
94,-0.9834979772567749,0.0010461587392,gbtree,0.0012689647426,907,impute.mean,0.4295320415573,0.1351631557185,0.1424249204433,0.0717516522582,0.0024956719563,5.0,3.9833345101398,,,10,1.0
95,-0.9862293004989624,0.0010375191298,gbtree,0.0012474844046,911,impute.hist,0.3661091376171,0.5168441009164,0.1389002814008,0.0654443358756,0.0023428402052,10.0,4.0014886503002,,,10,1.0
96,-0.8644347190856934,0.4096884265006,gbtree,0.0739515134233,126,impute.mean,0.675110793186,0.8215494138101,0.7610945983068,0.0015517865932,0.005144392755,3.0,26.5816237587661,,,10,1.0
97,-0.9835373759269714,0.0010427573359,gbtree,0.001110433659,911,impute.hist,0.6129319189642,0.5606852523205,0.1538693561923,0.0708432860717,0.0015968743141,3.0,4.0965377396288,,,10,1.0
98,-0.9811091423034668,0.0015131779305,gblinear,0.0012878971037,2185,impute.hist,0.3719414333172,,,,,,,,,10,1.0
99,-0.979510486125946,0.0009250720872,gbtree,0.0011985812626,1169,impute.median,0.26759022246,0.6583326884588,0.6500261299383,0.058516212381,0.9456196644736,8.0,3.902198569925,,,10,1.0
100,-0.986699640750885,0.000982768236,gbtree,0.0022976588418,911,impute.median,0.4119827759199,0.5282680716892,0.1370360380227,0.1376430756515,0.00141201001,14.0,4.322112902506,,,10,1.0
101,-0.986344039440155,0.0009936595228,gbtree,0.0022895976109,911,impute.median,0.4200671559504,0.5145910980356,0.0955595298506,0.0759981269879,0.0014618082966,9.0,4.3702624969435,,,10,1.0
102,-0.9854884147644043,0.0009310667461,gbtree,0.0075866057636,911,impute.median,0.3119405338452,0.5403352675197,0.1030384207394,0.107224849909,0.0015569042596,11.0,4.7240201921631,,,10,1.0
103,-0.9864098429679871,0.0009131263837,gbtree,0.0010489141461,911,impute.median,0.3013275313286,0.6310316208504,0.2080372981179,0.0628447531633,0.0011925659823,15.0,3.8395905318698,,,10,1.0
104,-0.9869800806045532,0.0009666611606,gbtree,0.0009439253888,911,impute.median,0.5184324431075,0.5201069651487,0.1487527748222,0.0708058667484,0.0024400423668,15.0,3.9982720821661,,,10,1.0
105,-0.9859640598297119,0.0009444141429,gbtree,0.0024349324702,907,impute.median,0.3595525274663,0.1445873125569,0.129837239893,0.044835060779,0.0031631454019,12.0,5.2344125841623,,,10,1.0
106,-0.09547650814056396,212.9465631543752,gbtree,202.5344013547326,7,impute.hist,0.9395934370084,0.1454655212951,0.3918167506672,0.0334636413339,0.1180258896981,13.0,24.1182580022399,,,10,1.0
107,-0.9614540338516235,0.0009356963801,gbtree,0.0010092621237,937,impute.median,0.5317500054779,0.2023753031747,0.4986815434776,0.2657677931139,0.0024189900513,10.0,28.807054177736,,,10,1.0
108,-0.5314475893974304,10.2032805404898,gblinear,0.0024850436386,25,impute.hist,0.6130905583271,,,,,,,,,10,1.0
109,-0.9856275320053101,0.0009333629032,gbtree,0.0010174619681,789,impute.median,0.5058441144111,0.646368332497,0.2016905783591,0.1390627265477,0.0010605760694,10.0,3.6353187366514,,,10,1.0
110,-0.9855372905731201,0.0009314717827,gbtree,0.0009672565884,852,impute.median,0.4273933262995,0.6124930472796,0.3691539380155,0.0931449480024,0.0006245378027,14.0,3.5814650490373,,,10,1.0
111,-0.9400619268417358,2.5057783584757,gbtree,0.2072496385273,1259,impute.mean,0.7708498677737,0.7099605431476,0.1915997846273,0.0009280745749,0.0054767649438,13.0,15.9683200884773,,,10,1.0
112,-0.9781009554862976,0.0532509052636,gblinear,0.1207937977381,2253,impute.median,0.1575455180373,,,,,,,,,10,1.0
113,-0.09778430312871933,0.0009317161551,gbtree,0.0009458200296,943,impute.median,0.2647325336414,0.2233450441377,0.9143458554184,0.7750801385153,0.0005817356431,10.0,67.7239825943963,,,10,1.0
114,-0.951948881149292,0.0009260316156,gbtree,0.0010004481259,1091,impute.median,0.855105295691,0.0469857353436,0.4555926400815,0.1843428395049,0.0014267485556,10.0,50.62059166947,,,10,1.0
115,-0.9791723489761353,0.000912311351,gbtree,0.0021982466585,196,impute.median,0.251446165353,0.1989535131157,0.1419301226655,0.0653105224885,0.0011024418618,11.0,4.4372271948023,,,10,1.0
116,-0.9153929948806763,9.172603490528,gbtree,0.027273965134,12,impute.hist,0.9657519463814,0.0249523094091,0.9602913869983,0.0248526369281,0.45662460736,13.0,11.4149022739394,,,10,1.0
117,-0.9807873368263245,0.0009685350187,gbtree,0.0024349324702,170,impute.median,0.267105858228,0.2830064362222,0.1382449380694,0.0665800571594,0.0031631454019,12.0,3.9096427612811,,,10,1.0
118,-0.966580331325531,0.0009894235434,gbtree,0.0024360606346,602,impute.median,0.4831808585396,0.0490866828545,0.9159444666126,0.0030172447291,0.0031015656403,13.0,5.3532057316155,,,10,1.0
119,-0.9848514199256897,0.0009310667461,gbtree,0.0010247993083,911,impute.median,0.2946704547722,0.6126370202281,0.1370360380227,0.065037387559,0.0011124398134,15.0,5.85584941445,,,10,1.0
120,-0.9870685935020447,0.0009137691904,gbtree,0.0010281744494,911,impute.median,0.3013275313286,0.591345151877,0.1393955950537,0.0641365717153,0.0122455634865,15.0,3.4057891270453,,,10,1.0
121,-0.972076952457428,0.002082456276,gblinear,1.339769739533,69,impute.median,0.2118077297018,,,,,,,,,10,1.0
122,-0.9569369554519653,0.0009262378279,gbtree,0.0057222309686,285,impute.median,0.272524085504,0.3444026163146,0.170165230759,0.0013601535696,0.0001708423126,15.0,2.8679677968521,,,10,1.0
123,-0.9846992492675781,0.0009398782434,gbtree,0.0009410703041,911,impute.hist,0.4122207581052,0.5293441729487,0.0637239619011,0.0737252801004,0.0092488542017,14.0,3.2742968896098,,,10,1.0
124,-0.9851595163345337,0.0009574725068,gbtree,0.000926570847,911,impute.hist,0.4142376865941,0.5179951899562,0.0757702286768,0.0664382629102,0.0098519935172,14.0,3.0779883992769,,,10,1.0
125,-0.9845959544181824,0.0009310667461,gbtree,0.0009174393032,911,impute.hist,0.4066278261213,0.5320705855617,0.0646582804233,0.0664789588669,0.0068247121097,14.0,3.8899701082387,,,10,1.0
126,-0.9851595163345337,0.0009145004358,gbtree,0.0009169475346,640,impute.hist,0.4312361413069,0.5265804604997,0.077787000295,0.1489421588426,0.0088527528811,14.0,3.2510767955694,,,10,1.0
127,-0.9864794611930847,0.000990301422,gbtree,0.0009256002104,641,impute.median,0.4069882750122,0.5308628392372,0.1278409243867,0.1455856167412,0.0085309248553,14.0,3.6353187366514,,,10,1.0
128,-0.10026542097330093,969.1195555539936,dart,0.0117627030515,148,impute.median,0.7321407301752,0.3534332057553,0.83278253875,0.0260985933624,0.0425564993531,3.0,4.1822437270566,0.6946490059191,0.9947092597724,10,1.0
129,-0.9849453568458557,0.0009641752554,gbtree,0.0009444615372,307,impute.median,0.4463534004333,0.5215040643849,0.1111328247862,0.0909563353081,0.0028216559982,15.0,3.9476837766204,,,10,1.0
130,-0.9837343692779541,0.0009160604747,gbtree,0.0009323800584,514,impute.mean,0.4313678868007,0.5264054298267,0.1187416088164,0.1382634390129,0.0050873708901,9.0,3.9754691788585,,,10,1.0
131,-0.9857478141784668,0.0009310667461,gbtree,0.0009762899513,725,impute.median,0.3655896671159,0.5432648304253,0.1370360380227,0.2196722619598,0.0005465862347,14.0,3.4705976164619,,,10,1.0
132,-0.985338032245636,0.000982768236,gbtree,0.0022976588418,624,impute.median,0.4119827759199,0.5609082377232,0.1370360380227,0.2406450940504,0.0004019330021,11.0,4.1376421812232,,,10,1.0
133,-0.9517183303833008,0.1064055282131,gbtree,275.300970095871,1189,impute.hist,0.7882974621245,0.4130383127747,0.1326403054683,0.0419105877401,2.1774242066337,11.0,12.3336011858867,,,10,1.0
134,-0.9876185059547424,0.0009137691904,gbtree,0.0010506186546,911,impute.median,0.3651477279894,0.5753092974045,0.1377291918334,0.0579386581145,0.0253128898758,14.0,3.0304065052049,,,10,1.0
135,-0.9544796943664551,0.0009538831794,gbtree,0.0010131068355,25,impute.median,0.3574804229254,0.5955724789045,0.1340235074988,0.0639082978557,1.2332070326801,14.0,3.5393609834493,,,10,1.0
136,-0.9837587475776672,0.0009375332612,gbtree,0.0010259090724,226,impute.median,0.3514940646065,0.5720427205666,0.1348754453431,0.289221972082,0.0122698408333,9.0,4.1445200384545,,,10,1.0
137,-0.986306369304657,0.0009163797258,gbtree,0.0023985518672,557,impute.median,0.3661091376171,0.5866953915132,0.1389002814008,0.0625733839985,0.0012253022666,11.0,3.3381735126062,,,10,1.0
138,-0.9667020440101624,0.0009192393584,gbtree,0.0009731757373,155,impute.median,0.123119924568,0.5785426652158,0.1358014439224,0.3287681336184,1.4522988506805,10.0,4.8327580207239,,,10,1.0
139,-0.9803833365440369,0.0009137691904,gbtree,0.0011673818533,244,impute.median,0.3318066440994,0.4993489147318,0.1377291918334,0.0579386581145,0.0253128898758,8.0,6.3571228885345,,,10,1.0
140,-0.9813281297683716,0.0009137691904,gbtree,0.0011057568346,324,impute.median,0.3299364021591,0.4994219144788,0.1311563172167,0.0641365717153,0.0316053468327,13.0,6.1934377704112,,,10,1.0
141,-0.09499568492174149,1027.0814355944333,gblinear,1.517143444285,21,impute.median,0.3875422245674,,,,,,,,,10,1.0
142,-0.9846109747886658,0.0009143875313,gbtree,0.0069972661931,333,impute.median,0.4145568919199,0.5822070196873,0.1487527748222,0.0727001869537,0.0015869384241,14.0,4.1397481450297,,,10,1.0
143,-0.9803870916366577,0.0015446160882,gbtree,0.0010247993083,585,impute.hist,0.356686373633,0.527984682742,0.1370360380227,0.0568217847465,0.0015866427921,2.0,6.3260446421704,,,10,1.0
144,-0.9739829897880554,0.0009931454647,gbtree,0.0020495167518,225,impute.median,0.4075702202458,0.497340736151,0.1363778816413,0.091668051893,0.0327697326987,1.0,6.3210125131144,,,10,1.0
145,-0.9767139554023743,0.0009131263837,gbtree,0.0009583152688,300,impute.median,0.134164392527,0.5774920459867,0.1578261589076,0.038153880962,0.0011925659823,11.0,3.4073105287341,,,10,1.0
146,-0.9832034707069397,0.000990301422,gbtree,0.0021035668172,454,impute.median,0.3792549551175,0.4656839321953,0.1278409243867,0.3259720915474,0.0291991500971,10.0,3.6353187366514,,,10,1.0
147,-0.978085994720459,0.000990301422,gbtree,0.0010532415042,641,impute.median,0.384359721173,0.6306837208647,0.1369539953487,0.4774646977773,0.0239870141004,15.0,2.9944463521499,,,10,1.0
148,-0.8698912262916565,5.9637744707805,gbtree,127.284265359641,764,impute.median,0.2404514770327,0.2031205370683,0.7855449488869,0.0060326403833,0.254167626874,3.0,20.6153112209705,,,10,1.0
149,-0.8597960472106934,0.001005398937,dart,0.0093208938265,1172,impute.mean,0.3900327819724,0.2533870658556,0.9271649137966,0.0013397933967,0.0685603547507,14.0,34.9597079052685,0.0483548801851,0.3321867198613,10,1.0
150,-0.9812363982200623,0.0009131263837,gbtree,0.0010556490189,911,impute.median,0.3365375762768,0.6310316208504,0.1408831054878,0.377040082771,0.026763662666,10.0,2.8848475299301,,,10,1.0
151,-0.8641363382339478,0.8724836419248,gbtree,0.5682901655543,623,impute.hist,0.8194639113117,0.1799397161776,0.3971747692427,0.002220019805,0.1552380616217,2.0,95.1765107909557,,,10,1.0
152,-0.974467933177948,0.0012437246332,gbtree,0.0010568767568,31,impute.median,0.3015323143222,0.8273933078013,0.7022695212066,0.2677338072474,0.0295003704448,6.0,2.8128636962515,,,10,1.0
153,-0.9833122491836548,0.0009137691904,gbtree,0.0010506186546,911,impute.mean,0.3626073999868,0.6212836842157,0.1377291918334,0.0198725206815,0.0253128898758,5.0,2.7211215468341,,,10,1.0
154,-0.42797112464904785,0.0012085871303,dart,0.0011246667642,571,impute.median,0.1080142668451,0.9900985072426,0.872805888431,0.4042358883496,0.031230471204,12.0,21.1044730530522,0.9868169456625,0.773620199108,10,1.0
155,-0.987610936164856,0.0009632248785,gbtree,0.0009933165442,911,impute.median,0.4098463909944,0.48683339038,0.1513390957478,0.0257209779441,0.0011750581605,15.0,2.9912275587055,,,10,1.0
156,-0.9860807061195374,0.0009657076594,gbtree,0.0009256002104,641,impute.median,0.3531890008509,0.4622506122424,0.1478032222583,0.0593037615067,0.0085309248553,12.0,3.8047543411673,,,10,1.0
157,-0.9844663739204407,0.0009695876579,gbtree,0.0010115553133,740,impute.median,0.5591709364644,0.5331665970838,0.6927526943083,0.0821257643312,0.0057680261969,9.0,3.011824787609,,,10,1.0
158,-0.9797664284706116,0.0009366527506,gbtree,0.0267442898704,2359,impute.median,0.3500641677186,0.5622073253879,0.6756904290865,0.0216075314439,0.0104726240429,10.0,3.0060231099953,,,10,1.0
159,-0.9871156811714172,0.000944742671,gbtree,0.0010247993083,911,impute.median,0.3270595910396,0.6005225552081,0.2210354237403,0.0335495314998,0.0069766356587,10.0,2.9365131384399,,,10,1.0
160,-0.10114109516143799,818.1606116366523,gblinear,0.2512579443976,1220,impute.median,0.4494824633568,,,,,,,,,10,1.0
161,-0.9858042597770691,0.000963290385,gbtree,0.0010506186546,911,impute.hist,0.4131235006637,0.5470947304322,0.1744556202849,0.1515782135629,0.0275968748881,12.0,3.0304065052049,,,10,1.0
162,-0.9868897795677185,0.0010376383284,gbtree,0.0010154048144,911,impute.median,0.2674547673985,0.5149718882755,0.150819232176,0.0821125008723,0.0061853370004,10.0,2.9534763350646,,,10,1.0
163,-0.9880725741386414,0.0009293314899,gbtree,0.0009639596269,911,impute.median,0.3596689129039,0.4087530050541,0.2080372981179,0.0570379078479,0.0003676524301,14.0,2.7900783706945,,,10,1.0
164,-0.9878275990486145,0.0009475588257,gbtree,0.0009121616468,911,impute.median,0.3599076570993,0.3995355642305,0.3096392461903,0.0488402153719,0.000465123489,14.0,2.7841428171202,,,10,1.0
165,-0.9823094010353088,0.0009463317651,gblinear,0.0009807801155,911,impute.median,0.3655306279331,,,,,,,,,10,1.0
166,-0.9822306632995605,0.0009613597003,gblinear,0.0009821351316,911,impute.median,0.3775710060518,,,,,,,,,10,1.0
167,-0.9823318719863892,0.0009266498822,gblinear,0.0009936783258,911,impute.median,0.3685841687199,,,,,,,,,10,1.0
168,-0.8594615459442139,2.7622145865503,gblinear,0.0038095611072,49,impute.median,0.2439007502328,,,,,,,,,10,1.0
169,-0.9822363257408142,0.0009220331723,gblinear,0.0009558819102,911,impute.median,0.3809322583203,,,,,,,,,10,1.0
170,-0.9823824763298035,0.0009609471477,gblinear,0.0010195826837,911,impute.median,0.3547004410436,,,,,,,,,10,1.0
