algorithm,fraction_budget,mean_meta_score,se_meta_score,mean_rank,se_rank
ax,0,-23.1515993217501,8.4678743996546,3.875,0.54894379103355
ax,0.01,-23.1515993217501,8.4678743996546,3.875,0.54894379103355
ax,0.02,-8.07515247427145,2.49132962684978,3.125,0.63912607743476
ax,0.03,-3.91086034527063,0.592385115657687,2.625,0.532430411281271
ax,0.04,-2.86048834289934,0.534606405000279,2.375,0.323899234771733
ax,0.05,-2.19159502652911,0.326263310229114,2.625,0.564974714984156
ax,0.06,-1.92526670091569,0.277676659477363,2.5,0.597614304667197
ax,0.07,-1.66976410798656,0.232689801151473,2.625,0.652946617813651
ax,0.08,-1.53236118064938,0.219379040746977,3.25,0.647798469543466
ax,0.09,-1.28525488835259,0.175500996705537,3.25,0.3659625273557
ax,0.1,-1.12583130695443,0.167561168598995,3.75,0.3659625273557
ax,0.11,-0.997282817168974,0.177123473954461,4,0.267261241912424
ax,0.12,-0.755629220357625,0.192789474005207,3.5,0.188982236504614
ax,0.13,-0.612570700134864,0.175725775377429,3.25,0.25
ax,0.14,-0.463556665265939,0.187970610007109,3.25,0.3659625273557
ax,0.15,-0.248725335378215,0.171346521564539,3.125,0.398098157314428
ax,0.16,-0.0637059743628472,0.171936846449215,2.875,0.295048422176041
ax,0.17,-0.00373848302778635,0.178208183962808,2.875,0.295048422176041
ax,0.18,0.0756565705286193,0.165115473889013,3,0.377964473009227
ax,0.19,0.146307407089725,0.162446112312853,3.125,0.350382444113368
ax,0.2,0.223427142256227,0.159136592647753,3,0.327326835353989
ax,0.21,0.276013532353672,0.150215151239433,2.875,0.226581741793741
ax,0.22,0.326512760204519,0.143932425177324,2.875,0.226581741793741
ax,0.23,0.357254919681376,0.141485624741977,2.875,0.226581741793741
ax,0.24,0.408249631475428,0.144932163950529,2.875,0.226581741793741
ax,0.25,0.444870824499443,0.151076136364722,2.875,0.226581741793741
ax,0.26,0.461753330878429,0.149681379586966,2.875,0.226581741793741
ax,0.27,0.486400988750562,0.142057675622982,2.875,0.226581741793741
ax,0.28,0.522140204909225,0.13121941923789,2.875,0.226581741793741
ax,0.29,0.545595045631453,0.128399903001487,2.875,0.226581741793741
ax,0.3,0.566477474781039,0.128531045166477,2.875,0.226581741793741
ax,0.31,0.600923982902941,0.123259110470155,2.875,0.226581741793741
ax,0.32,0.63065522454804,0.113480781557007,2.875,0.226581741793741
ax,0.33,0.653834441145598,0.107263404032107,2.875,0.226581741793741
ax,0.34,0.663472261882364,0.108020359511725,2.75,0.25
ax,0.35,0.683948925114597,0.101078612893383,2.75,0.25
ax,0.36,0.70383690490238,0.0982959832550179,2.75,0.25
ax,0.37,0.721596016838485,0.0963551807080994,2.875,0.295048422176041
ax,0.38,0.732502000716397,0.0938584933406213,2.875,0.295048422176041
ax,0.39,0.748777977898625,0.0912066087331165,2.875,0.295048422176041
ax,0.4,0.76278720202529,0.0884731339260222,2.875,0.295048422176041
ax,0.41,0.766905909818192,0.089003750562034,2.875,0.295048422176041
ax,0.42,0.777211093432919,0.0869958320946765,2.875,0.295048422176041
ax,0.43,0.789082319764872,0.0849371547951382,3,0.267261241912424
ax,0.44,0.79647822555218,0.0842692583060666,3,0.267261241912424
ax,0.45,0.801300136752204,0.0844897599529665,3,0.267261241912424
ax,0.46,0.814475978063475,0.0786038928810536,2.875,0.226581741793741
ax,0.47,0.821152301724322,0.0771081372444517,2.875,0.226581741793741
ax,0.48,0.83365550638666,0.0767184286640791,2.875,0.226581741793741
ax,0.49,0.83632055428294,0.0763938709096937,2.875,0.226581741793741
ax,0.5,0.839961872397911,0.0761050754839948,3,0.267261241912424
ax,0.51,0.843481295465221,0.0763873846118483,3,0.267261241912424
ax,0.52,0.85117719690193,0.0757080362703886,3,0.267261241912424
ax,0.53,0.858749909505667,0.0741365483753885,2.875,0.226581741793741
ax,0.54,0.859793814822712,0.074250563911616,2.875,0.226581741793741
ax,0.55,0.869255553979104,0.0725462802053909,2.875,0.226581741793741
ax,0.56,0.874377006790055,0.0722800270749278,2.875,0.226581741793741
ax,0.57,0.884194351681948,0.0697350656845009,2.875,0.226581741793741
ax,0.58,0.888863678664161,0.0686033904770665,2.875,0.226581741793741
ax,0.59,0.893717218489656,0.0674443878224232,2.875,0.226581741793741
ax,0.6,0.896154039755917,0.0674220494540841,2.875,0.226581741793741
ax,0.61,0.900914840197145,0.0659183423567897,2.875,0.226581741793741
ax,0.62,0.90346424098453,0.0649711038805805,2.8125,0.266215205640635
ax,0.63,0.907348075128503,0.0638497836178753,2.8125,0.266215205640635
ax,0.64,0.915655312370939,0.0615976973378395,2.8125,0.266215205640635
ax,0.65,0.918579973834843,0.0607354640607147,2.75,0.313391585264004
ax,0.66,0.921536527688723,0.0598435943867172,2.75,0.313391585264004
ax,0.67,0.923833906362878,0.0607925565275526,2.75,0.313391585264004
ax,0.68,0.928055342145674,0.0605192462413434,2.8125,0.266215205640635
ax,0.69,0.92894166708982,0.0603395904533624,2.75,0.313391585264004
ax,0.7,0.933846048456368,0.0601681516661843,2.75,0.313391585264004
ax,0.71,0.935696211477238,0.0598254853233543,2.75,0.313391585264004
ax,0.72,0.940017122305269,0.0599094134882824,2.875,0.398098157314428
ax,0.73,0.940552042257967,0.0599153337717217,2.875,0.398098157314428
ax,0.74,0.945868347769208,0.0583354791409627,2.875,0.398098157314428
ax,0.75,0.947531373746592,0.0577915067175529,2.875,0.398098157314428
ax,0.76,0.949979865607658,0.0570215500718411,2.875,0.398098157314428
ax,0.77,0.951444996196837,0.0566847447140035,2.875,0.398098157314428
ax,0.78,0.952009856679109,0.0565495083536542,2.875,0.398098157314428
ax,0.79,0.958059009146476,0.0558795132167307,2.875,0.398098157314428
ax,0.8,0.962693870504825,0.0562031104865808,2.875,0.398098157314428
ax,0.81,0.965799004620766,0.0553885949130657,2.875,0.398098157314428
ax,0.82,0.967555902778463,0.0551505744592159,2.875,0.398098157314428
ax,0.83,0.970596451090137,0.0547475875048863,2.75,0.313391585264004
ax,0.84,0.972283911133022,0.0541983036129727,2.875,0.398098157314428
ax,0.85,0.976525189650072,0.0530973430327906,3,0.422577127364258
ax,0.86,0.978901976584918,0.0526324959525551,3,0.422577127364258
ax,0.87,0.982092389215572,0.0520828793183618,2.875,0.440677238544752
ax,0.88,0.983377255440624,0.0519135233247206,2.875,0.440677238544752
ax,0.89,0.9846864070191,0.0517721304824111,2.875,0.440677238544752
ax,0.9,0.988152700308292,0.0516619618816741,2.75,0.490990253030983
ax,0.91,0.989898981333131,0.0518390897450067,2.75,0.490990253030983
ax,0.92,0.993948569789617,0.0509487270906001,2.75,0.490990253030983
ax,0.93,0.996426542012712,0.0504582712789607,2.75,0.490990253030983
ax,0.94,0.999017381473978,0.0497310532127951,2.875,0.440677238544752
ax,0.95,0.999953024713272,0.049488690942734,2.875,0.440677238544752
ax,0.96,1.00264619516199,0.0499442587813919,2.75,0.490990253030983
ax,0.97,1.00489613486661,0.0494551543975694,2.75,0.490990253030983
ax,0.98,1.00737864261176,0.0494499033423899,2.75,0.490990253030983
ax,0.99,1.0085984296384,0.0492671342278607,2.875,0.580563150250316
ax,1,1.01310438336607,0.0485419954429344,2.75,0.490990253030983
hebo,0,-23.9926411467574,9.5273430125873,3,0.566946709513841
hebo,0.01,-23.9926411467574,9.5273430125873,3,0.566946709513841
hebo,0.02,-8.25883114128231,2.34697076023151,4,0.462910049886276
hebo,0.03,-4.05458494247507,0.547354931889395,4.125,0.515388203202208
hebo,0.04,-2.91253972686996,0.552320749460718,3,0.377964473009227
hebo,0.05,-2.26795967700771,0.386966391826247,2.875,0.398098157314428
hebo,0.06,-1.9514603682463,0.29617021096856,2.625,0.41992771486803
hebo,0.07,-1.67110634293091,0.264937693539877,2.625,0.46049274850813
hebo,0.08,-1.40273044793595,0.261526923561704,2.5,0.267261241912424
hebo,0.09,-1.05933570383532,0.179525022507607,2.25,0.3659625273557
hebo,0.1,-0.856862541468587,0.155485356491441,2.125,0.226581741793741
hebo,0.11,-0.593108522475531,0.0968925056823562,1.875,0.226581741793741
hebo,0.12,-0.437444297056918,0.101873518827183,2.125,0.350382444113368
hebo,0.13,-0.328045060196425,0.0987459378239787,2.125,0.350382444113368
hebo,0.14,-0.206052775852834,0.0991133975055055,2.25,0.3659625273557
hebo,0.15,-0.123158924612589,0.103926195959504,2.125,0.398098157314428
hebo,0.16,0.00722963998235006,0.0968545217406595,2.375,0.323899234771733
hebo,0.17,0.0623147924047135,0.102490197863603,2.375,0.323899234771733
hebo,0.18,0.153545862147981,0.0967043137163156,2.375,0.323899234771733
hebo,0.19,0.211250966167102,0.10516490326117,2.25,0.313391585264004
hebo,0.2,0.303559408052528,0.102712002813707,2.375,0.263052140404576
hebo,0.21,0.349926142602683,0.10674179953898,2.375,0.263052140404576
hebo,0.22,0.392490926745084,0.098571561773131,2.25,0.163663417676994
hebo,0.23,0.428650286895069,0.0939825953520799,2.25,0.163663417676994
hebo,0.24,0.471891007844432,0.0895773299400048,2.125,0.226581741793741
hebo,0.25,0.493415452631766,0.091931375139842,2.125,0.226581741793741
hebo,0.26,0.523738196976384,0.0912444650859005,2.125,0.226581741793741
hebo,0.27,0.559425254061737,0.0846187013219895,2.125,0.226581741793741
hebo,0.28,0.584744688014905,0.0794151008703679,2.25,0.313391585264004
hebo,0.29,0.609643501368587,0.0754357815720002,2.375,0.263052140404576
hebo,0.3,0.625563726673152,0.0747364999971601,2.375,0.263052140404576
hebo,0.31,0.649946438904483,0.07158544918816,2.375,0.263052140404576
hebo,0.32,0.669029329974736,0.0683288485044359,2.375,0.263052140404576
hebo,0.33,0.685518334955172,0.0657673123853944,2.5,0.327326835353989
hebo,0.34,0.693964616291203,0.0641148626105415,2.625,0.323899234771733
hebo,0.35,0.711947211250206,0.0610807849864108,2.5,0.377964473009227
hebo,0.36,0.730687508620646,0.0580397693251163,2.5,0.377964473009227
hebo,0.37,0.740379195529162,0.0565062130668229,2.5,0.377964473009227
hebo,0.38,0.746484912761322,0.0554705314425031,2.5,0.377964473009227
hebo,0.39,0.757765895619229,0.054109868109271,2.5,0.377964473009227
hebo,0.4,0.788819679546036,0.047921909337701,2.5,0.377964473009227
hebo,0.41,0.798954642783264,0.0466169313213637,2.5,0.377964473009227
hebo,0.42,0.809992148599118,0.0448397514596635,2.5,0.377964473009227
hebo,0.43,0.82072857705163,0.0442594288212855,2.5,0.377964473009227
hebo,0.44,0.833195873425757,0.0418468104702482,2.5,0.377964473009227
hebo,0.45,0.840660726811692,0.0397564450607488,2.5,0.377964473009227
hebo,0.46,0.850006100311591,0.0380504364956863,2.5,0.377964473009227
hebo,0.47,0.85525126185638,0.0373055865644393,2.5,0.377964473009227
hebo,0.48,0.863253599539406,0.0357750256051751,2.5,0.377964473009227
hebo,0.49,0.868480143473033,0.0356633652105511,2.5,0.377964473009227
hebo,0.5,0.877882361630485,0.03340308495054,2.5,0.377964473009227
hebo,0.51,0.881362376432805,0.0330060981338555,2.5,0.377964473009227
hebo,0.52,0.894425690037456,0.0315025693683989,2.5,0.377964473009227
hebo,0.53,0.900154051272733,0.0300427143867776,2.5,0.377964473009227
hebo,0.54,0.909365173389428,0.0278884239103243,2.5,0.377964473009227
hebo,0.55,0.916065821493341,0.0260773358538464,2.5,0.377964473009227
hebo,0.56,0.921909620561352,0.0252380963377007,2.5,0.377964473009227
hebo,0.57,0.926909049357513,0.0245299879369617,2.5,0.377964473009227
hebo,0.58,0.92913295586525,0.0241368223567196,2.5,0.377964473009227
hebo,0.59,0.935218607814767,0.0225703107267518,2.5,0.377964473009227
hebo,0.6,0.941050888990347,0.0221230158039928,2.5,0.377964473009227
hebo,0.61,0.945077491038745,0.0214920879822368,2.5,0.377964473009227
hebo,0.62,0.94696730412536,0.0211804723277806,2.5,0.377964473009227
hebo,0.63,0.951091799702249,0.0209022015373121,2.5,0.377964473009227
hebo,0.64,0.957450572363214,0.0191606009985628,2.5,0.377964473009227
hebo,0.65,0.958782718061749,0.0191893302131778,2.5,0.377964473009227
hebo,0.66,0.963673722307289,0.0183880965680222,2.5,0.377964473009227
hebo,0.67,0.966737158871437,0.0176844798930447,2.5,0.377964473009227
hebo,0.68,0.972921308388963,0.0172349177965708,2.5,0.377964473009227
hebo,0.69,0.976356485125241,0.0166647413451133,2.5,0.377964473009227
hebo,0.7,0.981797808239167,0.0153941913007233,2.5,0.377964473009227
hebo,0.71,0.983969885130387,0.0150912960884185,2.5,0.377964473009227
hebo,0.72,0.989076803960484,0.0145579010096426,2.5,0.377964473009227
hebo,0.73,0.990543030076147,0.0145955801055803,2.5,0.377964473009227
hebo,0.74,0.992978205524176,0.0144799101888891,2.5,0.377964473009227
hebo,0.75,0.99493281368664,0.0144936591576548,2.5,0.377964473009227
hebo,0.76,0.997756018945249,0.0150480972115805,2.5,0.377964473009227
hebo,0.77,1.00290384198673,0.0154326037901494,2.5,0.377964473009227
hebo,0.78,1.00527692712147,0.0161184855693808,2.5,0.377964473009227
hebo,0.79,1.01037436029833,0.0154975700152981,2.375,0.323899234771733
hebo,0.8,1.01432378757261,0.016157467939492,2.375,0.323899234771733
hebo,0.81,1.01728937739999,0.0162040405778684,2.375,0.323899234771733
hebo,0.82,1.02299445925823,0.019455413335277,2.375,0.323899234771733
hebo,0.83,1.02611662421621,0.0196184904047049,2.375,0.323899234771733
hebo,0.84,1.03040578585698,0.0210729712763177,2.375,0.323899234771733
hebo,0.85,1.03431166972605,0.0205903897573831,2.25,0.25
hebo,0.86,1.03686836355978,0.021074705101168,2.25,0.25
hebo,0.87,1.03945612743163,0.021627768419063,2.375,0.263052140404576
hebo,0.88,1.04077280841623,0.021816739803843,2.375,0.263052140404576
hebo,0.89,1.04253739587491,0.0225109039226904,2.375,0.263052140404576
hebo,0.9,1.04672617992873,0.022171359437692,2.375,0.263052140404576
hebo,0.91,1.04941812346776,0.0221664187983791,2.375,0.263052140404576
hebo,0.92,1.05162371112047,0.0228119967460852,2.375,0.263052140404576
hebo,0.93,1.05259361583837,0.0227314035167015,2.375,0.263052140404576
hebo,0.94,1.05402679498455,0.022661318304282,2.375,0.263052140404576
hebo,0.95,1.05566448634663,0.023097473168736,2.375,0.263052140404576
hebo,0.96,1.06143557669078,0.0230402037432618,2.375,0.263052140404576
hebo,0.97,1.06349088149295,0.0231040049198909,2.5,0.188982236504614
hebo,0.98,1.06548024524348,0.0232556632642834,2.5,0.188982236504614
hebo,0.99,1.06614916726543,0.0234317455288927,2.5,0.188982236504614
hebo,1,1.06827093424431,0.0234525560940491,2.5,0.188982236504614
smac4bb,0,-24.3511126959664,9.56691453458116,2.625,0.652946617813651
smac4bb,0.01,-24.3511126959664,9.56691453458116,2.625,0.652946617813651
smac4bb,0.02,-6.69237818432447,1.55007426161998,2.125,0.398098157314428
smac4bb,0.03,-3.57352988394983,0.521994358174964,2.25,0.559016994374948
smac4bb,0.04,-2.66400363039848,0.457155252717087,2.25,0.559016994374948
smac4bb,0.05,-2.19280205059611,0.320981120372588,3,0.801783725737273
smac4bb,0.06,-1.97346804786034,0.267524127835209,3.375,0.625
smac4bb,0.07,-1.78381234849169,0.248336063349532,3.5,0.654653670707977
smac4bb,0.08,-1.59794911715012,0.223688123589528,3.875,0.580563150250316
smac4bb,0.09,-1.3943341237117,0.15755482367123,4.375,0.595743832771867
smac4bb,0.1,-1.33596905395733,0.157301374500672,4.375,0.564974714984156
smac4bb,0.11,-1.20384734333658,0.106265476507983,5,0.422577127364258
smac4bb,0.12,-1.09309315687024,0.0887056033029944,4.875,0.295048422176041
smac4bb,0.13,-1.0047747542109,0.0839216313753211,5,0.327326835353989
smac4bb,0.14,-0.932465807794896,0.0839487655422636,5.25,0.25
smac4bb,0.15,-0.876954230019895,0.0722259525831582,5.25,0.25
smac4bb,0.16,-0.778181914037429,0.0427683172434841,5.5,0.188982236504614
smac4bb,0.17,-0.723867927014279,0.0481299458363223,5.375,0.18298126367785
smac4bb,0.18,-0.692155446130844,0.0522276206804471,5.5,0.188982236504614
smac4bb,0.19,-0.642523399854632,0.0558345946495889,5.25,0.163663417676994
smac4bb,0.2,-0.615359149888828,0.0591143977358857,5.375,0.18298126367785
smac4bb,0.21,-0.587257676197227,0.0568435184619816,5.375,0.18298126367785
smac4bb,0.22,-0.55430560301907,0.056350156361236,5.375,0.18298126367785
smac4bb,0.23,-0.542974917657676,0.0577286751671925,5.375,0.18298126367785
smac4bb,0.24,-0.504093204895226,0.0603143427780342,5.375,0.18298126367785
smac4bb,0.25,-0.494181052879957,0.0600530422270737,5.375,0.18298126367785
smac4bb,0.26,-0.264607576267365,0.0877985789186013,5.375,0.18298126367785
smac4bb,0.27,-0.121418219560489,0.0936713468225255,5.125,0.226581741793741
smac4bb,0.28,0.0274036645869613,0.106674235237872,4.75,0.3659625273557
smac4bb,0.29,0.0839078028872327,0.0981007883239325,4.625,0.375
smac4bb,0.3,0.145746555703106,0.100918438122818,4.5,0.327326835353989
smac4bb,0.31,0.211984893344673,0.0929282241045249,4.375,0.323899234771733
smac4bb,0.32,0.285813493104296,0.0991863362369556,4.375,0.323899234771733
smac4bb,0.33,0.347511831208159,0.0975045308229462,4.25,0.411877235523957
smac4bb,0.34,0.385142779445123,0.101439833209342,4.25,0.411877235523957
smac4bb,0.35,0.427239808053385,0.0977320346211877,4.25,0.411877235523957
smac4bb,0.36,0.456422488736964,0.101256329815294,4.25,0.411877235523957
smac4bb,0.37,0.494110125330688,0.101981414663739,4.125,0.440677238544752
smac4bb,0.38,0.52647847237719,0.0995054949031981,4.125,0.440677238544752
smac4bb,0.39,0.542260615454174,0.10239381334649,4.125,0.440677238544752
smac4bb,0.4,0.576696676658887,0.10369161797164,4.125,0.440677238544752
smac4bb,0.41,0.584893506858906,0.103490188001566,4.125,0.440677238544752
smac4bb,0.42,0.599920905397048,0.102555313436363,4,0.377964473009227
smac4bb,0.43,0.622415951983422,0.101892764649962,4,0.5
smac4bb,0.44,0.649648425927444,0.100926820922433,3.875,0.440677238544752
smac4bb,0.45,0.656806530039196,0.102113995569898,3.875,0.440677238544752
smac4bb,0.46,0.667876258416206,0.102112092880302,3.875,0.440677238544752
smac4bb,0.47,0.677285447906007,0.102891289100277,3.875,0.440677238544752
smac4bb,0.48,0.695300077517864,0.101236173278993,3.875,0.440677238544752
smac4bb,0.49,0.700761976161298,0.102445417459496,3.875,0.440677238544752
smac4bb,0.5,0.709030448198452,0.100110622438722,4,0.5
smac4bb,0.51,0.712698949457147,0.100225216707637,4,0.5
smac4bb,0.52,0.725168022104604,0.103314420662684,4,0.5
smac4bb,0.53,0.739970865438169,0.100611633962686,4,0.5
smac4bb,0.54,0.747122254407174,0.100375294942311,3.875,0.440677238544752
smac4bb,0.55,0.761949206277571,0.0951859329414557,3.875,0.440677238544752
smac4bb,0.56,0.769627555621097,0.0961970152913469,3.875,0.440677238544752
smac4bb,0.57,0.783210888916031,0.0908777752362916,3.75,0.411877235523957
smac4bb,0.58,0.792301446824868,0.090780496888635,3.75,0.411877235523957
smac4bb,0.59,0.797242780892279,0.0909835348168413,3.75,0.411877235523957
smac4bb,0.6,0.80245951760126,0.0916404128757945,3.75,0.411877235523957
smac4bb,0.61,0.804537053052183,0.091463585604247,3.875,0.440677238544752
smac4bb,0.62,0.809863031295852,0.0899824922781165,3.75,0.411877235523957
smac4bb,0.63,0.815098630851278,0.087749130806505,3.75,0.411877235523957
smac4bb,0.64,0.819595608137019,0.0857780138628565,3.75,0.411877235523957
smac4bb,0.65,0.822799404013886,0.0858494236779489,3.75,0.411877235523957
smac4bb,0.66,0.825964683071063,0.0842877567988237,3.75,0.411877235523957
smac4bb,0.67,0.829428077829349,0.0849279057188042,3.75,0.411877235523957
smac4bb,0.68,0.835938486347926,0.0839528218591805,3.75,0.411877235523957
smac4bb,0.69,0.837881818740575,0.0841200483242166,3.75,0.411877235523957
smac4bb,0.7,0.845391280700733,0.0807685785928807,3.75,0.411877235523957
smac4bb,0.71,0.848287001851232,0.0806687096024295,3.75,0.411877235523957
smac4bb,0.72,0.855129167369224,0.0802694360530763,3.75,0.411877235523957
smac4bb,0.73,0.859177845076836,0.0785753058783802,3.75,0.411877235523957
smac4bb,0.74,0.86291223086225,0.0777470581709893,3.75,0.411877235523957
smac4bb,0.75,0.865867332757875,0.0778263292458429,3.75,0.411877235523957
smac4bb,0.76,0.86875762875307,0.0767541943727901,3.75,0.411877235523957
smac4bb,0.77,0.871105733481545,0.0767576033886527,3.75,0.411877235523957
smac4bb,0.78,0.873360857130701,0.0766988524891077,3.75,0.411877235523957
smac4bb,0.79,0.87448657881887,0.0768942810956322,3.875,0.398098157314428
smac4bb,0.8,0.878327702389978,0.0771882856388115,3.875,0.398098157314428
smac4bb,0.81,0.883698431694041,0.0761075704612989,3.875,0.398098157314428
smac4bb,0.82,0.886014304267691,0.0762325821375199,3.875,0.398098157314428
smac4bb,0.83,0.889797222154217,0.0762830663449517,3.875,0.398098157314428
smac4bb,0.84,0.893204092976905,0.0768525584614515,3.875,0.398098157314428
smac4bb,0.85,0.898145983600169,0.0748423500172774,3.875,0.398098157314428
smac4bb,0.86,0.899397964257264,0.075058717737634,3.875,0.398098157314428
smac4bb,0.87,0.900721572087409,0.0750173352790379,3.875,0.398098157314428
smac4bb,0.88,0.901899397811756,0.0754470886956475,3.875,0.398098157314428
smac4bb,0.89,0.903841926257414,0.0755276692831563,3.875,0.398098157314428
smac4bb,0.9,0.909087460752658,0.0732730970750853,3.875,0.398098157314428
smac4bb,0.91,0.914228701088202,0.0728352048637342,3.875,0.398098157314428
smac4bb,0.92,0.915620259094381,0.0729375954484223,3.875,0.398098157314428
smac4bb,0.93,0.916054901844586,0.0731176775870634,3.875,0.398098157314428
smac4bb,0.94,0.919973616747292,0.0724747997212053,3.875,0.398098157314428
smac4bb,0.95,0.92120161576805,0.0728766549731875,3.875,0.398098157314428
smac4bb,0.96,0.922360746509772,0.0732192874916589,3.875,0.398098157314428
smac4bb,0.97,0.923488230879055,0.0732963289167445,3.875,0.398098157314428
smac4bb,0.98,0.926519096565215,0.0730345662898447,3.875,0.398098157314428
smac4bb,0.99,0.927111174002678,0.0730416074141206,3.875,0.398098157314428
smac4bb,1,0.928324994759245,0.0725457804839361,4,0.422577127364258
smac4hpo,0,-25.7843664877197,9.51730387263773,4.375,0.532430411281271
smac4hpo,0.01,-25.7843664877197,9.51730387263773,4.375,0.532430411281271
smac4hpo,0.02,-6.83791841699813,1.70537762758369,1.75,0.25
smac4hpo,0.03,-3.77966771940031,0.565331280884824,2.875,0.580563150250316
smac4hpo,0.04,-2.80333559554806,0.504279162923993,3,0.597614304667197
smac4hpo,0.05,-2.34875382326134,0.35685352875774,3.5,0.5
smac4hpo,0.06,-2.08058973275471,0.337690747911096,3.375,0.564974714984156
smac4hpo,0.07,-1.86478047937374,0.280654386455168,3.875,0.398098157314428
smac4hpo,0.08,-1.69229156378174,0.259584660880553,4.625,0.375
smac4hpo,0.09,-1.48051317522322,0.174632581669799,5,0.327326835353989
smac4hpo,0.1,-1.39028174292889,0.156295575701922,5.25,0.25
smac4hpo,0.11,-1.28716224562433,0.128626202133913,5.25,0.25
smac4hpo,0.12,-1.21521740009963,0.125877529923104,5.875,0.125
smac4hpo,0.13,-1.13949097548257,0.117801697453528,5.75,0.163663417676994
smac4hpo,0.14,-1.07525212282948,0.124847300468473,5.625,0.18298126367785
smac4hpo,0.15,-0.988167779145664,0.122260379176199,5.625,0.18298126367785
smac4hpo,0.16,-0.855411380168701,0.0825967296525136,5.5,0.188982236504614
smac4hpo,0.17,-0.789094430713909,0.0659914562315908,5.625,0.18298126367785
smac4hpo,0.18,-0.690046093450048,0.0426084480089664,5.375,0.263052140404576
smac4hpo,0.19,-0.633435116522526,0.0441405476599187,5.625,0.263052140404576
smac4hpo,0.2,-0.587673111855772,0.0561703904434269,5.5,0.267261241912424
smac4hpo,0.21,-0.571886698750847,0.0583909003955486,5.625,0.18298126367785
smac4hpo,0.22,-0.546919184200655,0.0523388194593611,5.625,0.18298126367785
smac4hpo,0.23,-0.529848596278296,0.050947377076216,5.625,0.18298126367785
smac4hpo,0.24,-0.494024632880942,0.0472952038748424,5.625,0.18298126367785
smac4hpo,0.25,-0.48221656459535,0.0469424236500935,5.625,0.18298126367785
smac4hpo,0.26,-0.354516886669843,0.0546970221593799,5.625,0.18298126367785
smac4hpo,0.27,-0.246435479782146,0.0390299397375863,5.75,0.163663417676994
smac4hpo,0.28,-0.175547704947492,0.0338416111864047,5.75,0.163663417676994
smac4hpo,0.29,-0.142751799905676,0.0319252432735023,5.75,0.163663417676994
smac4hpo,0.3,-0.111768410371467,0.035631740472227,5.875,0.125
smac4hpo,0.31,-0.0690149509591902,0.0345779041735228,5.875,0.125
smac4hpo,0.32,-0.0165099137517376,0.0346339488530871,5.875,0.125
smac4hpo,0.33,0.0368986692037044,0.0423542076253479,5.75,0.163663417676994
smac4hpo,0.34,0.074252320200455,0.0391031401808695,5.75,0.163663417676994
smac4hpo,0.35,0.0964709883193408,0.0361612187102976,5.75,0.163663417676994
smac4hpo,0.36,0.118436954770295,0.0340118345367171,5.75,0.163663417676994
smac4hpo,0.37,0.15212667962873,0.0336066274705432,5.75,0.163663417676994
smac4hpo,0.38,0.166138353865589,0.0323801650129536,5.75,0.163663417676994
smac4hpo,0.39,0.198666050787161,0.0314510912342802,5.75,0.163663417676994
smac4hpo,0.4,0.225802475607432,0.0335172032141301,5.625,0.18298126367785
smac4hpo,0.41,0.250657810069445,0.0355813140418139,5.625,0.18298126367785
smac4hpo,0.42,0.291043034454459,0.0288568138434525,5.625,0.18298126367785
smac4hpo,0.43,0.308332585314885,0.0280680484367549,5.5,0.188982236504614
smac4hpo,0.44,0.330840304747862,0.027325468121024,5.625,0.18298126367785
smac4hpo,0.45,0.353041272058595,0.0324106824126379,5.625,0.18298126367785
smac4hpo,0.46,0.367020191833774,0.0369786818875653,5.625,0.18298126367785
smac4hpo,0.47,0.37982380890092,0.0388037699289865,5.625,0.18298126367785
smac4hpo,0.48,0.406206654980927,0.0362142487850956,5.625,0.18298126367785
smac4hpo,0.49,0.422117347274065,0.0360858808506339,5.5,0.188982236504614
smac4hpo,0.5,0.457851538286896,0.0333829811515308,5.375,0.18298126367785
smac4hpo,0.51,0.468650682988087,0.0338821294078722,5.25,0.163663417676994
smac4hpo,0.52,0.483783716511906,0.0363351405390531,5.25,0.163663417676994
smac4hpo,0.53,0.50537265473173,0.03331240294545,5.375,0.18298126367785
smac4hpo,0.54,0.512683845857115,0.0319483425032447,5.5,0.188982236504614
smac4hpo,0.55,0.525581160551746,0.0312382618449207,5.5,0.188982236504614
smac4hpo,0.56,0.529779834121812,0.0309197786015443,5.5,0.188982236504614
smac4hpo,0.57,0.538097479307719,0.0291974726864166,5.5,0.188982236504614
smac4hpo,0.58,0.555259591515418,0.0304374455958337,5.375,0.18298126367785
smac4hpo,0.59,0.569178113813067,0.0297726337503638,5.375,0.18298126367785
smac4hpo,0.6,0.586487785601195,0.0311159229870722,5.375,0.18298126367785
smac4hpo,0.61,0.600028900835324,0.0268793625447658,5.375,0.18298126367785
smac4hpo,0.62,0.609669927846977,0.0264639253863109,5.375,0.18298126367785
smac4hpo,0.63,0.613385093939306,0.0264479305105493,5.375,0.18298126367785
smac4hpo,0.64,0.630113832318832,0.0267543447699275,5.375,0.18298126367785
smac4hpo,0.65,0.641111359411822,0.0271178651483337,5.375,0.18298126367785
smac4hpo,0.66,0.65368872636191,0.0256364301670232,5.25,0.163663417676994
smac4hpo,0.67,0.664997369654011,0.0267670385963071,5.25,0.163663417676994
smac4hpo,0.68,0.672958481052752,0.0266402680829811,5.25,0.163663417676994
smac4hpo,0.69,0.675926257278367,0.0265872572387878,5.25,0.163663417676994
smac4hpo,0.7,0.68317345728757,0.0249185555015048,5.25,0.163663417676994
smac4hpo,0.71,0.689689943526929,0.0251672435609584,5.25,0.163663417676994
smac4hpo,0.72,0.703065749613012,0.025383710714718,5.125,0.226581741793741
smac4hpo,0.73,0.708933600072569,0.0250296107060662,5.125,0.226581741793741
smac4hpo,0.74,0.721239354533081,0.0257141140255048,5,0.188982236504614
smac4hpo,0.75,0.72816564866575,0.0253966247818346,5,0.188982236504614
smac4hpo,0.76,0.735584426394144,0.0247696660545836,5,0.188982236504614
smac4hpo,0.77,0.741915818455284,0.0234558505117437,5,0.188982236504614
smac4hpo,0.78,0.745654091725148,0.0241034158697873,5,0.188982236504614
smac4hpo,0.79,0.749664375837426,0.023216803028842,5,0.188982236504614
smac4hpo,0.8,0.754755262409994,0.0231572969537085,5,0.188982236504614
smac4hpo,0.81,0.761516746802236,0.0220199629118742,5,0.188982236504614
smac4hpo,0.82,0.767417402530576,0.0226913001587242,5,0.188982236504614
smac4hpo,0.83,0.772447851497132,0.0229032319204735,5.125,0.125
smac4hpo,0.84,0.778976929730383,0.0231055331841349,5,0.188982236504614
smac4hpo,0.85,0.781036154896901,0.0228806983065227,5,0.188982236504614
smac4hpo,0.86,0.787973072007241,0.0219392980769593,5,0.188982236504614
smac4hpo,0.87,0.794494437695415,0.0218438461243237,5,0.188982236504614
smac4hpo,0.88,0.799914604536021,0.0215809373637801,5,0.188982236504614
smac4hpo,0.89,0.80204216656003,0.0217694108605574,5,0.188982236504614
smac4hpo,0.9,0.811753565084135,0.0226093570345184,5,0.188982236504614
smac4hpo,0.91,0.813844113693512,0.0228176341074759,5,0.188982236504614
smac4hpo,0.92,0.821882062060547,0.0221194002207844,5,0.188982236504614
smac4hpo,0.93,0.824798072288006,0.0216959021856637,5,0.188982236504614
smac4hpo,0.94,0.828174982455904,0.0216307622483119,5,0.188982236504614
smac4hpo,0.95,0.831103044418753,0.0210929731670079,4.875,0.125
smac4hpo,0.96,0.838341194490168,0.0203492770767378,4.875,0.125
smac4hpo,0.97,0.842964630277922,0.0199494110734574,4.875,0.125
smac4hpo,0.98,0.848588411551572,0.0211972137381878,4.875,0.125
smac4hpo,0.99,0.850013571422745,0.0214082012875806,4.875,0.125
smac4hpo,1,0.855151326120729,0.0226688775183799,4.75,0.163663417676994
optuna,0,-21.2550443368309,7.15884877065857,4,0.597614304667197
optuna,0.01,-21.2550443368309,7.15884877065857,4,0.597614304667197
optuna,0.02,-10.7973379046898,3.17007443437648,5.375,0.323899234771733
optuna,0.03,-4.453999294035,0.716847714622044,4.375,0.323899234771733
optuna,0.04,-3.50908250112301,0.597005919130609,4.875,0.440677238544752
optuna,0.05,-2.39573475582278,0.366025337122882,4,0.626783170528009
optuna,0.06,-2.22499390764421,0.331952696152564,4.625,0.564974714984156
optuna,0.07,-2.00725480783712,0.30211513775842,4.375,0.564974714984156
optuna,0.08,-1.68760634271912,0.222322740022291,4.5,0.626783170528009
optuna,0.09,-1.25605257585375,0.181212397513904,4.125,0.580563150250316
optuna,0.1,-1.08404638793141,0.151682523914623,3.625,0.564974714984156
optuna,0.11,-0.835860750011589,0.0933647801712137,3,0.377964473009227
optuna,0.12,-0.653489343857798,0.0755525488299422,2.875,0.350382444113368
optuna,0.13,-0.551731712385984,0.0674266882482182,3.125,0.350382444113368
optuna,0.14,-0.464224984412602,0.0788978553909564,3.125,0.350382444113368
optuna,0.15,-0.430495381959589,0.0716515995454515,3.375,0.263052140404576
optuna,0.16,-0.335817141329583,0.0670027845184476,3.5,0.267261241912424
optuna,0.17,-0.2845815272518,0.0540112462145508,3.5,0.267261241912424
optuna,0.18,-0.208368793049268,0.0526308449649173,3.5,0.267261241912424
optuna,0.19,-0.179756063216221,0.0509274799315284,3.625,0.18298126367785
optuna,0.2,-0.146535276417364,0.0499583353155586,3.75,0.163663417676994
optuna,0.21,-0.127967796123786,0.0463480079195992,3.75,0.163663417676994
optuna,0.22,-0.0799194543988805,0.0501747778830879,3.875,0.125
optuna,0.23,-0.0451990698837713,0.0441640843198825,3.875,0.125
optuna,0.24,0.000555974504183653,0.0463531046042181,3.875,0.125
optuna,0.25,0.0254905970920488,0.0424621726771249,3.875,0.125
optuna,0.26,0.0493321955432208,0.043084411260707,3.875,0.125
optuna,0.27,0.0777468974613037,0.0444889980818534,4,0.188982236504614
optuna,0.28,0.10334095101166,0.0392130130900868,4.25,0.25
optuna,0.29,0.123897929038894,0.0412617652907925,4.375,0.263052140404576
optuna,0.3,0.144029488105501,0.0385910757339502,4.375,0.263052140404576
optuna,0.31,0.171109142131522,0.0423065641172099,4.5,0.267261241912424
optuna,0.32,0.209967266033631,0.0475823381313527,4.5,0.267261241912424
optuna,0.33,0.224677536934162,0.0430545128507287,4.625,0.263052140404576
optuna,0.34,0.244114935158818,0.0376617893760213,4.625,0.263052140404576
optuna,0.35,0.267037628654104,0.0389601550356237,4.625,0.263052140404576
optuna,0.36,0.293239357865703,0.0378809390564041,4.625,0.263052140404576
optuna,0.37,0.324013225762671,0.0354656201707262,4.625,0.263052140404576
optuna,0.38,0.343730046073551,0.0357607477844251,4.625,0.263052140404576
optuna,0.39,0.358484107752551,0.0376820196116456,4.625,0.263052140404576
optuna,0.4,0.379751670303456,0.0384399809085813,4.75,0.313391585264004
optuna,0.41,0.38466911125234,0.0384598282130502,4.75,0.313391585264004
optuna,0.42,0.39387567185677,0.0371585170010579,4.875,0.350382444113368
optuna,0.43,0.411057752806328,0.0356965455973357,4.875,0.350382444113368
optuna,0.44,0.434448975462803,0.0362746364448412,4.875,0.350382444113368
optuna,0.45,0.446777665119376,0.0362156157507437,4.875,0.350382444113368
optuna,0.46,0.463691005163863,0.0354692369504164,5,0.267261241912424
optuna,0.47,0.472334040805665,0.0351849839597108,5,0.267261241912424
optuna,0.48,0.482138942141413,0.034647957123977,5,0.267261241912424
optuna,0.49,0.490209647139359,0.0354385559082325,5.125,0.295048422176041
optuna,0.5,0.496914937033849,0.0364523404865255,5,0.377964473009227
optuna,0.51,0.505115397772743,0.0355086243429342,5.125,0.398098157314428
optuna,0.52,0.511690611025104,0.034464919025661,5.125,0.398098157314428
optuna,0.53,0.5286488281831,0.0351272852538527,5.125,0.295048422176041
optuna,0.54,0.534764801043915,0.0362092699419522,5.125,0.295048422176041
optuna,0.55,0.539171220804954,0.035822373327874,5.125,0.295048422176041
optuna,0.56,0.546825883517796,0.032923252270469,5.125,0.295048422176041
optuna,0.57,0.554354495463704,0.0325805022849613,5.25,0.25
optuna,0.58,0.558380045359268,0.03180069124107,5.375,0.263052140404576
optuna,0.59,0.564712903951118,0.0330214649849138,5.375,0.263052140404576
optuna,0.6,0.578837462574674,0.0327699464690372,5.375,0.263052140404576
optuna,0.61,0.587399758059911,0.0338849182412014,5.25,0.313391585264004
optuna,0.62,0.592167950606647,0.0336688945673734,5.375,0.263052140404576
optuna,0.63,0.598357964327423,0.0330773502439488,5.375,0.263052140404576
optuna,0.64,0.606362287911235,0.0338033898284527,5.375,0.263052140404576
optuna,0.65,0.613684542140115,0.0359837856827042,5.375,0.263052140404576
optuna,0.66,0.619614884572502,0.035169814905471,5.5,0.267261241912424
optuna,0.67,0.621639323990647,0.0346577153474319,5.5,0.267261241912424
optuna,0.68,0.626310126223295,0.0341089207902233,5.5,0.267261241912424
optuna,0.69,0.631337130501029,0.0356727167442198,5.5,0.267261241912424
optuna,0.7,0.636026779434799,0.0354199343113777,5.5,0.267261241912424
optuna,0.71,0.640850658134681,0.0352122562420776,5.5,0.267261241912424
optuna,0.72,0.648581868956865,0.0353518799490734,5.5,0.267261241912424
optuna,0.73,0.652666896292265,0.0358751546248578,5.5,0.267261241912424
optuna,0.74,0.657401992371065,0.0359622431547524,5.625,0.263052140404576
optuna,0.75,0.661064200935369,0.0352536299800716,5.625,0.263052140404576
optuna,0.76,0.668853246316559,0.0343988080619961,5.625,0.263052140404576
optuna,0.77,0.676825028656592,0.0343208999368689,5.625,0.263052140404576
optuna,0.78,0.682596942237565,0.0340602200089578,5.625,0.263052140404576
optuna,0.79,0.687776079899365,0.0338518914526399,5.625,0.263052140404576
optuna,0.8,0.693354378880582,0.0335953695096217,5.625,0.263052140404576
optuna,0.81,0.695515282463128,0.0339600623223729,5.625,0.263052140404576
optuna,0.82,0.699347180744178,0.0341394398508912,5.625,0.263052140404576
optuna,0.83,0.704260749715473,0.0343678467805638,5.625,0.263052140404576
optuna,0.84,0.708321299093606,0.034366051792195,5.625,0.263052140404576
optuna,0.85,0.712808859978198,0.0342961731765963,5.625,0.263052140404576
optuna,0.86,0.71673787186956,0.0337956797095101,5.625,0.263052140404576
optuna,0.87,0.72070092142384,0.0347646032663167,5.625,0.263052140404576
optuna,0.88,0.723887345692675,0.0349021858082552,5.625,0.263052140404576
optuna,0.89,0.725482484030765,0.0352224479752452,5.625,0.263052140404576
optuna,0.9,0.728234633155799,0.0351051543516873,5.625,0.263052140404576
optuna,0.91,0.734218611220737,0.0348317862279056,5.625,0.263052140404576
optuna,0.92,0.739201178362597,0.0346800395330177,5.625,0.263052140404576
optuna,0.93,0.742522294910777,0.0348930280689856,5.625,0.263052140404576
optuna,0.94,0.745092634737895,0.0350998115689227,5.625,0.263052140404576
optuna,0.95,0.749118090373899,0.0353907690577134,5.75,0.25
optuna,0.96,0.752413790157641,0.0351070174929983,5.75,0.25
optuna,0.97,0.755077577661384,0.034751254384859,5.75,0.25
optuna,0.98,0.760210683178646,0.0349041531344359,5.75,0.25
optuna,0.99,0.763809511862346,0.0339597760267549,5.625,0.263052140404576
optuna,1,0.768437250943176,0.0336167486037216,5.75,0.25
mlr3mbo,0,-20.330882007073,6.17461376693008,3.125,0.692755883616815
mlr3mbo,0.01,-20.330882007073,6.17461376693008,3.125,0.692755883616815
mlr3mbo,0.02,-9.44717440850415,2.55001605791867,4.625,0.323899234771733
mlr3mbo,0.03,-5.51492682859195,1.41631060502271,4.75,0.647798469543466
mlr3mbo,0.04,-4.05846778942105,0.923612090797712,5.5,0.267261241912424
mlr3mbo,0.05,-2.8519800011988,0.544188747213581,5,0.422577127364258
mlr3mbo,0.06,-2.29855026193184,0.436436372435117,4.5,0.597614304667197
mlr3mbo,0.07,-1.99192669193932,0.411343781611432,4,0.755928946018454
mlr3mbo,0.08,-1.34617149242294,0.45862095303866,2.25,0.647798469543466
mlr3mbo,0.09,-0.90188942177424,0.372454522089818,2,0.626783170528009
mlr3mbo,0.1,-0.632591805297682,0.335320719220382,1.875,0.63912607743476
mlr3mbo,0.11,-0.404251614913131,0.284974441159399,1.875,0.63912607743476
mlr3mbo,0.12,-0.205182996949453,0.284939823334713,1.75,0.526104280809151
mlr3mbo,0.13,-0.104049354144675,0.276564892253061,1.75,0.526104280809151
mlr3mbo,0.14,0.0519393112683946,0.225685998639612,1.5,0.327326835353989
mlr3mbo,0.15,0.163001236183296,0.206820205896938,1.5,0.267261241912424
mlr3mbo,0.16,0.354262602009943,0.163968321968331,1.25,0.25
mlr3mbo,0.17,0.403623099314192,0.166508401363452,1.25,0.25
mlr3mbo,0.18,0.4863904878248,0.147044674399962,1.25,0.25
mlr3mbo,0.19,0.542300825280506,0.13188291872995,1.125,0.125
mlr3mbo,0.2,0.637834439379185,0.107579082731459,1,0
mlr3mbo,0.21,0.677854381966837,0.100356289037818,1,0
mlr3mbo,0.22,0.728605434221943,0.090304610973454,1,0
mlr3mbo,0.23,0.755925991889359,0.0852988396577064,1,0
mlr3mbo,0.24,0.798137922264414,0.0804319635219495,1.125,0.125
mlr3mbo,0.25,0.817588030914149,0.0782775403736222,1.125,0.125
mlr3mbo,0.26,0.833525924632731,0.0741516626715014,1.125,0.125
mlr3mbo,0.27,0.86704846476921,0.0696726106271233,1.125,0.125
mlr3mbo,0.28,0.885844935281868,0.0669279477227719,1.125,0.125
mlr3mbo,0.29,0.906488458759389,0.0623685576148991,1,0
mlr3mbo,0.3,0.916608995523245,0.0617055744449582,1,0
mlr3mbo,0.31,0.927945393770777,0.0583740810569112,1,0
mlr3mbo,0.32,0.938042635024393,0.0567892005384263,1,0
mlr3mbo,0.33,0.95411671015955,0.0546513740130795,1,0
mlr3mbo,0.34,0.96150154913502,0.0533728764335954,1,0
mlr3mbo,0.35,0.973701016011917,0.0522839648051625,1.125,0.125
mlr3mbo,0.36,0.981110298421116,0.0515103273124461,1.125,0.125
mlr3mbo,0.37,0.99422930497058,0.049449358369912,1.125,0.125
mlr3mbo,0.38,0.997864225383738,0.0493349482280404,1.125,0.125
mlr3mbo,0.39,1.00526833678131,0.0482940913397844,1.125,0.125
mlr3mbo,0.4,1.01727736571375,0.0474159916216207,1.125,0.125
mlr3mbo,0.41,1.02227548122628,0.0461430982674681,1.125,0.125
mlr3mbo,0.42,1.03191552406902,0.0447317575787772,1.125,0.125
mlr3mbo,0.43,1.04071772373744,0.0424001364642304,1.125,0.125
mlr3mbo,0.44,1.04627628807374,0.0425977188892116,1.125,0.125
mlr3mbo,0.45,1.05038361379738,0.0409276692624374,1.125,0.125
mlr3mbo,0.46,1.05486793712317,0.0411055491147359,1.125,0.125
mlr3mbo,0.47,1.0587656280951,0.0406369394142517,1.125,0.125
mlr3mbo,0.48,1.06461553248611,0.0403052705558404,1.125,0.125
mlr3mbo,0.49,1.06957448380331,0.039849276544919,1.125,0.125
mlr3mbo,0.5,1.07255814590485,0.0405741165359344,1.125,0.125
mlr3mbo,0.51,1.07640230322403,0.040000676521988,1.125,0.125
mlr3mbo,0.52,1.08010531716928,0.0385240346595426,1.125,0.125
mlr3mbo,0.53,1.08419671459844,0.0384394760570436,1.125,0.125
mlr3mbo,0.54,1.08674089584455,0.038544252452958,1.125,0.125
mlr3mbo,0.55,1.09216981286207,0.0386219493176034,1.125,0.125
mlr3mbo,0.56,1.09777885812392,0.037493577181258,1.125,0.125
mlr3mbo,0.57,1.0995709056706,0.0378355581334705,1.125,0.125
mlr3mbo,0.58,1.10081307871641,0.0378846840233381,1.125,0.125
mlr3mbo,0.59,1.10353952894737,0.0381861969353784,1.125,0.125
mlr3mbo,0.6,1.10563024849031,0.0375358191906076,1.125,0.125
mlr3mbo,0.61,1.10820229687649,0.03815109213509,1.125,0.125
mlr3mbo,0.62,1.10957860659157,0.0376294404785162,1.1875,0.131526070202288
mlr3mbo,0.63,1.11153747995439,0.0376851865270836,1.1875,0.131526070202288
mlr3mbo,0.64,1.11276803249362,0.0377377424894139,1.1875,0.131526070202288
mlr3mbo,0.65,1.11404419206517,0.0377933944870951,1.25,0.163663417676994
mlr3mbo,0.66,1.11681270743827,0.0381424286190946,1.25,0.163663417676994
mlr3mbo,0.67,1.11917690357884,0.0382892612318854,1.25,0.163663417676994
mlr3mbo,0.68,1.12138407518479,0.0386920406385763,1.1875,0.131526070202288
mlr3mbo,0.69,1.12171925791341,0.0387400274933027,1.25,0.163663417676994
mlr3mbo,0.7,1.12325675207781,0.0391826970191487,1.25,0.163663417676994
mlr3mbo,0.71,1.12446305945187,0.0393872941062881,1.25,0.163663417676994
mlr3mbo,0.72,1.1255841325903,0.0394778428935961,1.25,0.163663417676994
mlr3mbo,0.73,1.12617069359483,0.0395357311308739,1.25,0.163663417676994
mlr3mbo,0.74,1.12711506985508,0.0398025282400982,1.25,0.163663417676994
mlr3mbo,0.75,1.12751117220102,0.039792535452199,1.25,0.163663417676994
mlr3mbo,0.76,1.12874785440565,0.0397066506487695,1.25,0.163663417676994
mlr3mbo,0.77,1.12993328396892,0.040073199122558,1.25,0.163663417676994
mlr3mbo,0.78,1.13024421259821,0.0401596709407702,1.25,0.163663417676994
mlr3mbo,0.79,1.13152021818116,0.0404827350918876,1.25,0.163663417676994
mlr3mbo,0.8,1.13371237289876,0.0410563711548356,1.25,0.163663417676994
mlr3mbo,0.81,1.13440903525006,0.041212886043198,1.25,0.163663417676994
mlr3mbo,0.82,1.1355229768717,0.0410027991933149,1.25,0.163663417676994
mlr3mbo,0.83,1.1362414385255,0.041086532517119,1.25,0.163663417676994
mlr3mbo,0.84,1.13699871410855,0.0408978184736216,1.25,0.163663417676994
mlr3mbo,0.85,1.13820510329345,0.0412020984117727,1.25,0.163663417676994
mlr3mbo,0.86,1.13868218955451,0.0411802741089,1.25,0.163663417676994
mlr3mbo,0.87,1.13957076744816,0.0413889491172412,1.25,0.163663417676994
mlr3mbo,0.88,1.14105716544822,0.0410156023128061,1.25,0.163663417676994
mlr3mbo,0.89,1.14137987651945,0.0408952453584323,1.25,0.163663417676994
mlr3mbo,0.9,1.14198803457356,0.0409168603076097,1.375,0.18298126367785
mlr3mbo,0.91,1.14246622638335,0.0408170081292818,1.375,0.18298126367785
mlr3mbo,0.92,1.14348973706335,0.0408410193476734,1.375,0.18298126367785
mlr3mbo,0.93,1.14405013361294,0.0409900583671656,1.375,0.18298126367785
mlr3mbo,0.94,1.14554522217475,0.0414711080685146,1.25,0.163663417676994
mlr3mbo,0.95,1.14609300294888,0.0416486481892264,1.25,0.163663417676994
mlr3mbo,0.96,1.14652738012063,0.0416778894905858,1.375,0.18298126367785
mlr3mbo,0.97,1.14764876337172,0.0412858993541869,1.25,0.163663417676994
mlr3mbo,0.98,1.14845631788709,0.0413743352129413,1.25,0.163663417676994
mlr3mbo,0.99,1.14871151767932,0.0413970402571928,1.25,0.163663417676994
mlr3mbo,1,1.14995820930242,0.0414818437196753,1.25,0.163663417676994
